nickname,message,time
j25ng,안녕하세요,2024-08-27 09:14:35
soojin,안녕하세욤,2024-08-27 09:14:39
soojin,빨리들어오삼요~~!,2024-08-27 09:15:40
Monitor-A,Monitor Test,2024-08-27 09:15:53
soojin,,2024-08-27 09:16:16
soojin,,2024-08-27 09:16:20
soojin,,2024-08-27 09:16:21
soojin,,2024-08-27 09:16:21
soojin,,2024-08-27 09:16:22
soojin,,2024-08-27 09:16:22
soojin,,2024-08-27 09:16:23
soojin,다들 위치 괜찮나요,2024-08-27 09:16:27
j25ng,,2024-08-27 09:18:56
j25ng,,2024-08-27 09:19:00
j25ng,확인!,2024-08-27 09:19:08
태영,,2024-08-27 09:21:01
태영,,2024-08-27 09:21:02
j25ng,잘 되시나요??,2024-08-27 09:22:59
j25ng,종료할땐,2024-08-27 09:23:23
j25ng,exit를 먼저 입력하고,2024-08-27 09:23:30
j25ng,Ctrl+C를 하시면 됩니다,2024-08-27 09:23:46
태영,채팅 보이나요,2024-08-27 09:25:16
j25ng,네,2024-08-27 09:25:20
j25ng,,2024-08-27 09:25:30
j25ng,잘 보입니다.,2024-08-27 09:25:35
태영,gkgkg,2024-08-27 09:26:18
태영,채팅보내기,2024-08-27 09:27:25
j25ng,,2024-08-27 09:31:13
j25ng,test,2024-08-27 09:31:17
j25ng,입력창 이상할땐 그냥 엔터 한번 쳐주세요..,2024-08-27 09:31:35
j25ng,고쳐보려해도 잘 안되더라구요,2024-08-27 09:31:40
태영,?,2024-08-27 09:37:14
태영,,2024-08-27 09:37:21
태영,??,2024-08-27 09:37:44
태영,그렇지,2024-08-27 09:39:25
sj,안녕,2024-08-27 09:39:28
태영,안녕하세요,2024-08-27 09:39:37
j25ng,,2024-08-27 09:39:39
j25ng,굿,2024-08-27 09:39:41
태영,굿,2024-08-27 09:39:45
j25ng,좋습니다,2024-08-27 09:39:44
j25ng,우리 회의 안해도 되나?,2024-08-27 09:39:47
태영,회의 할까요?,2024-08-27 09:39:54
sj,에어플로우에 있어요대그파일,2024-08-27 09:45:08
sj,,2024-08-27 09:45:35
sj,화이팅,2024-08-27 09:45:37
sj,,2024-08-27 09:45:38
sj,,2024-08-27 09:45:39
sj,,2024-08-27 09:45:39
sj,,2024-08-27 09:45:39
sj,,2024-08-27 09:45:39
sj,,2024-08-27 09:45:40
sj,,2024-08-27 09:45:43
sj,,2024-08-27 09:45:43
sj,,2024-08-27 09:45:43
sj,화이팅,2024-08-27 09:45:51
sj,,2024-08-27 09:45:52
sj,,2024-08-27 09:45:53
sj,,2024-08-27 09:45:54
j25ng,,2024-08-27 09:47:49
j25ng,testtest,2024-08-27 09:48:04
태영,"광해, 왕이 된 남자 장르",1724721595.576023
태영,"광해, 왕이 된 남자 장르",1724721643.2470737
태영,"영화 ""광해, 왕이 된 남자""의 장르는 사극입니다.",1724721677.92726
jj,안녕하세요!,240827 10:27:24
j25ng,,2024-08-27 10:36:15
j25ng,오른쪽 정렬을 해보려고 했으나..이상하게 지저분하게 나오네요ㅠ,2024-08-27 10:36:42
j25ng,textualize 잠깐 도전해보고,2024-08-27 10:36:53
j25ng,한시간내로 안되면 포기하겠습니다.,2024-08-27 10:36:58
Monitor-A,꺄아아아악!,1724722887.8488164
Monitor-A,AHHHHHHHHHHHHHHHHHHHHHHHH,1724722893.2388828
sj,하이,2024-08-27 10:43:29
sj,하이욤,2024-08-27 10:43:30
sj,,2024-08-27 10:43:39
sj,,2024-08-27 10:43:39
sj,,2024-08-27 10:43:39
sj,안녕,2024-08-27 10:43:42
sj,,2024-08-27 10:43:45
Monitor-A,대화가 적으니 봇이라도 투입할까요,1724723824.1083689
j25ng,좋은 생각입니다,2024-08-27 10:58:22
j25ng,시간 포맷만 좀 바꿔주세요,2024-08-27 10:58:34
Monitor-A,예썰,1724723925.9995594
Monitor-A,?,1724723935.4692116
USER-B,퇴근하고 뭐 하세요?,Tue Aug 27 11:03:15 2024
USER-B,집에 가면 냥냥이가 기다리고 있어서 힘이 나요!,Tue Aug 27 11:03:18 2024
USER-B,혹시 추천해주실 만한 맛집 있나요?,Tue Aug 27 11:03:21 2024
USER-B,"최근에 재미있는 유튜브 채널 발견했는데, 같이 볼래요?",Tue Aug 27 11:03:24 2024
USER-B,오늘 커피 왜 이렇게 맛있지?,Tue Aug 27 11:03:27 2024
USER-B,주말에 뭐 할지 벌써부터 설레요!,Tue Aug 27 11:03:30 2024
USER-B,집에 가면 냥냥이가 기다리고 있어서 힘이 나요!,Tue Aug 27 11:03:33 2024
USER-B,오늘 커피 왜 이렇게 맛있지?,Tue Aug 27 11:03:36 2024
USER-B,오늘따라 시간이 너무 안 가는 것 같아요...,Tue Aug 27 11:03:39 2024
Monitor-A,봇 성능 좋네,Tue Aug 27 11:03:41 2024
USER-B,요즘 날씨가 너무 변덕스러워요. 감기 조심하세요!,Tue Aug 27 11:03:42 2024
USER-B,주말에 뭐 할지 벌써부터 설레요!,Tue Aug 27 11:03:45 2024
USER-B,혹시 추천해주실 만한 맛집 있나요?,Tue Aug 27 11:03:48 2024
USER-B,혹시 추천해주실 만한 맛집 있나요?,Tue Aug 27 11:03:51 2024
USER-B,안녕! 나는 봇이야!,Tue Aug 27 11:03:54 2024
USER-B,주말에 뭐 할지 벌써부터 설레요!,Tue Aug 27 11:03:57 2024
USER-B,요즘 날씨가 너무 변덕스러워요. 감기 조심하세요!,Tue Aug 27 11:04:00 2024
USER-B,요즘 날씨가 너무 변덕스러워요. 감기 조심하세요!,Tue Aug 27 11:04:03 2024
USER-B,"최근에 재미있는 유튜브 채널 발견했는데, 같이 볼래요?",Tue Aug 27 11:04:06 2024
USER-B,안녕! 나는 봇이야!,Tue Aug 27 11:04:09 2024
USER-B,혹시 추천해주실 만한 맛집 있나요?,Tue Aug 27 11:04:12 2024
USER-B,집에 가면 냥냥이가 기다리고 있어서 힘이 나요!,Tue Aug 27 11:04:15 2024
USER-B,점심 뭐 먹을지 고민되네요...,Tue Aug 27 11:04:18 2024
USER-B,주말에 뭐 할지 벌써부터 설레요!,Tue Aug 27 11:04:21 2024
USER-B,요즘 날씨가 너무 변덕스러워요. 감기 조심하세요!,Tue Aug 27 11:04:24 2024
USER-B,"최근에 재미있는 유튜브 채널 발견했는데, 같이 볼래요?",Tue Aug 27 11:04:27 2024
USER-B,퇴근하고 뭐 하세요?,Tue Aug 27 11:04:30 2024
USER-B,오늘 커피 왜 이렇게 맛있지?,Tue Aug 27 11:04:33 2024
USER-B,오늘따라 시간이 너무 안 가는 것 같아요...,Tue Aug 27 11:04:36 2024
USER-B,"최근에 재미있는 유튜브 채널 발견했는데, 같이 볼래요?",Tue Aug 27 11:04:39 2024
USER-B,안녕! 나는 봇이야!,Tue Aug 27 11:04:42 2024
USER-B,"최근에 재미있는 유튜브 채널 발견했는데, 같이 볼래요?",Tue Aug 27 11:04:45 2024
USER-B,점심 뭐 먹을지 고민되네요...,Tue Aug 27 11:04:48 2024
USER-B,"최근에 재미있는 유튜브 채널 발견했는데, 같이 볼래요?",Tue Aug 27 11:04:51 2024
USER-B,오늘 커피 왜 이렇게 맛있지?,Tue Aug 27 11:04:54 2024
USER-B,주말에 뭐 할지 벌써부터 설레요!,Tue Aug 27 11:04:57 2024
USER-B,점심 뭐 먹을지 고민되네요...,Tue Aug 27 11:05:00 2024
USER-B,"최근에 재미있는 유튜브 채널 발견했는데, 같이 볼래요?",Tue Aug 27 11:05:03 2024
USER-B,집에 가면 냥냥이가 기다리고 있어서 힘이 나요!,Tue Aug 27 11:05:06 2024
USER-B,점심 뭐 먹을지 고민되네요...,Tue Aug 27 11:05:09 2024
USER-B,혹시 추천해주실 만한 맛집 있나요?,Tue Aug 27 11:05:12 2024
USER-B,"이번 주말에 캠핑 가려고 하는데, 같이 갈래요?",Tue Aug 27 11:05:15 2024
USER-B,"최근에 재미있는 유튜브 채널 발견했는데, 같이 볼래요?",Tue Aug 27 11:05:18 2024
USER-B,혹시 추천해주실 만한 맛집 있나요?,Tue Aug 27 11:05:21 2024
USER-B,"이번 주말에 캠핑 가려고 하는데, 같이 갈래요?",Tue Aug 27 11:05:24 2024
USER-B,"이번 주말에 캠핑 가려고 하는데, 같이 갈래요?",Tue Aug 27 11:05:27 2024
USER-B,집에 가면 냥냥이가 기다리고 있어서 힘이 나요!,Tue Aug 27 11:05:30 2024
USER-B,집에 가면 냥냥이가 기다리고 있어서 힘이 나요!,Tue Aug 27 11:05:33 2024
USER-B,안녕! 나는 봇이야!,Tue Aug 27 11:05:36 2024
USER-B,혹시 추천해주실 만한 맛집 있나요?,Tue Aug 27 11:05:39 2024
USER-B,퇴근하고 뭐 하세요?,Tue Aug 27 11:05:42 2024
USER-B,집에 가면 냥냥이가 기다리고 있어서 힘이 나요!,Tue Aug 27 11:05:45 2024
USER-B,점심 뭐 먹을지 고민되네요...,Tue Aug 27 11:05:48 2024
USER-B,요즘 날씨가 너무 변덕스러워요. 감기 조심하세요!,Tue Aug 27 11:05:51 2024
USER-B,퇴근하고 뭐 하세요?,Tue Aug 27 11:05:54 2024
USER-B,오늘 커피 왜 이렇게 맛있지?,Tue Aug 27 11:05:57 2024
USER-B,혹시 추천해주실 만한 맛집 있나요?,Tue Aug 27 11:06:00 2024
USER-B,퇴근하고 뭐 하세요?,Tue Aug 27 11:06:03 2024
USER-B,"이번 주말에 캠핑 가려고 하는데, 같이 갈래요?",Tue Aug 27 11:06:06 2024
USER-B,점심 뭐 먹을지 고민되네요...,Tue Aug 27 11:06:09 2024
USER-B,집에 가면 냥냥이가 기다리고 있어서 힘이 나요!,Tue Aug 27 11:06:12 2024
USER-B,안녕! 나는 봇이야!,Tue Aug 27 11:06:15 2024
USER-B,"이번 주말에 캠핑 가려고 하는데, 같이 갈래요?",Tue Aug 27 11:06:18 2024
USER-B,안녕! 나는 봇이야!,Tue Aug 27 11:06:21 2024
USER-B,퇴근하고 뭐 하세요?,Tue Aug 27 11:06:24 2024
USER-B,혹시 추천해주실 만한 맛집 있나요?,Tue Aug 27 11:06:27 2024
USER-B,퇴근하고 뭐 하세요?,Tue Aug 27 11:06:30 2024
USER-B,오늘 커피 왜 이렇게 맛있지?,Tue Aug 27 11:06:33 2024
USER-B,퇴근하고 뭐 하세요?,Tue Aug 27 11:06:36 2024
USER-B,집에 가면 냥냥이가 기다리고 있어서 힘이 나요!,Tue Aug 27 11:06:39 2024
USER-B,"이번 주말에 캠핑 가려고 하는데, 같이 갈래요?",Tue Aug 27 11:06:42 2024
USER-B,혹시 추천해주실 만한 맛집 있나요?,Tue Aug 27 11:06:45 2024
USER-B,오늘 커피 왜 이렇게 맛있지?,Tue Aug 27 11:06:48 2024
USER-B,혹시 추천해주실 만한 맛집 있나요?,Tue Aug 27 11:06:51 2024
USER-B,퇴근하고 뭐 하세요?,Tue Aug 27 11:06:54 2024
USER-B,점심 뭐 먹을지 고민되네요...,Tue Aug 27 11:06:57 2024
USER-B,"이번 주말에 캠핑 가려고 하는데, 같이 갈래요?",Tue Aug 27 11:07:00 2024
USER-B,주말에 뭐 할지 벌써부터 설레요!,Tue Aug 27 11:07:03 2024
USER-B,오늘따라 시간이 너무 안 가는 것 같아요...,Tue Aug 27 11:07:06 2024
Master,오늘따라 시간이 너무 안 가는 것 같아요...,Tue Aug 27 11:12:03 2024
USER-A,오늘따라 시간이 너무 안 가는 것 같아요...,Tue Aug 27 11:12:06 2024
태영,안녕! 나는 봇이야!,Tue Aug 27 11:12:09 2024
USER-B,"최근에 재미있는 유튜브 채널 발견했는데, 같이 볼래요?",Tue Aug 27 11:12:12 2024
태영,퇴근하고 뭐 하세요?,Tue Aug 27 11:12:15 2024
sj,안녕! 나는 봇이야!,Tue Aug 27 11:12:18 2024
Master,요즘 날씨가 너무 변덕스러워요. 감기 조심하세요!,Tue Aug 27 11:12:21 2024
USER-D,"최근에 재미있는 유튜브 채널 발견했는데, 같이 볼래요?",Tue Aug 27 11:12:24 2024
Tester-A,이건 잘 보이십니까,2024-08-27 11:13:45
Tester-A,테스트중,2024-08-27 11:16:25
j25ng,good,2024-08-27 11:21:34
sj,나도테스트중,2024-08-27 11:27:27
USER-B,주말에 뭐 할지 벌써부터 설레요!,Tue Aug 27 11:28:07 2024
USER-C,점심 뭐 먹을지 고민되네요...,Tue Aug 27 11:28:10 2024
태영,혹시 추천해주실 만한 맛집 있나요?,Tue Aug 27 11:28:13 2024
태영,집에 가면 냥냥이가 기다리고 있어서 힘이 나요!,Tue Aug 27 11:28:16 2024
USER-D,요즘 날씨가 너무 변덕스러워요. 감기 조심하세요!,Tue Aug 27 11:28:19 2024
j25ng,요즘 날씨가 너무 변덕스러워요. 감기 조심하세요!,Tue Aug 27 11:28:22 2024
sj,오늘 커피 왜 이렇게 맛있지?,Tue Aug 27 11:28:25 2024
USER-D,안녕! 나는 봇이야!,Tue Aug 27 11:28:28 2024
j25ng,혹시 추천해주실 만한 맛집 있나요?,Tue Aug 27 11:28:31 2024
Master,요즘 날씨가 너무 변덕스러워요. 감기 조심하세요!,Tue Aug 27 11:28:34 2024
USER-B,오늘 커피 왜 이렇게 맛있지?,Tue Aug 27 11:28:37 2024
USER-A,안녕! 나는 봇이야!,Tue Aug 27 11:28:40 2024
sj,안녕! 나는 봇이야!,Tue Aug 27 11:28:43 2024
j25ng,안녕! 나는 봇이야!,Tue Aug 27 11:28:46 2024
USER-D,퇴근하고 뭐 하세요?,Tue Aug 27 11:28:49 2024
태영,퇴근하고 뭐 하세요?,Tue Aug 27 11:28:52 2024
USER-B,주말에 뭐 할지 벌써부터 설레요!,Tue Aug 27 11:28:55 2024
USER-A,집에 가면 냥냥이가 기다리고 있어서 힘이 나요!,Tue Aug 27 11:28:58 2024
Master,혹시 추천해주실 만한 맛집 있나요?,Tue Aug 27 11:29:01 2024
USER-A,퇴근하고 뭐 하세요?,Tue Aug 27 11:29:04 2024
Master,오늘따라 시간이 너무 안 가는 것 같아요...,Tue Aug 27 11:29:07 2024
USER-A,"최근에 재미있는 유튜브 채널 발견했는데, 같이 볼래요?",Tue Aug 27 11:29:10 2024
Master,"최근에 재미있는 유튜브 채널 발견했는데, 같이 볼래요?",Tue Aug 27 11:29:13 2024
WhiteCapella,집에 가면 냥냥이가 기다리고 있어서 힘이 나요!,Tue Aug 27 11:29:16 2024
sj,퇴근하고 뭐 하세요?,Tue Aug 27 11:29:19 2024
sj,요즘 날씨가 너무 변덕스러워요. 감기 조심하세요!,Tue Aug 27 11:29:22 2024
sj,혹시 추천해주실 만한 맛집 있나요?,Tue Aug 27 11:29:25 2024
sj,"최근에 재미있는 유튜브 채널 발견했는데, 같이 볼래요?",Tue Aug 27 11:29:28 2024
j25ng,"최근에 재미있는 유튜브 채널 발견했는데, 같이 볼래요?",Tue Aug 27 11:29:31 2024
j25ng,혹시 추천해주실 만한 맛집 있나요?,Tue Aug 27 11:29:34 2024
USER-D,집에 가면 냥냥이가 기다리고 있어서 힘이 나요!,Tue Aug 27 11:29:37 2024
USER-D,주말에 뭐 할지 벌써부터 설레요!,Tue Aug 27 11:29:40 2024
태영,"최근에 재미있는 유튜브 채널 발견했는데, 같이 볼래요?",Tue Aug 27 11:29:43 2024
sj,오늘 커피 왜 이렇게 맛있지?,Tue Aug 27 11:29:46 2024
Master,퇴근하고 뭐 하세요?,Tue Aug 27 11:29:49 2024
USER-C,요즘 날씨가 너무 변덕스러워요. 감기 조심하세요!,Tue Aug 27 11:29:52 2024
USER-D,퇴근하고 뭐 하세요?,Tue Aug 27 11:29:55 2024
USER-B,점심 뭐 먹을지 고민되네요...,Tue Aug 27 11:29:58 2024
sj,주말에 뭐 할지 벌써부터 설레요!,Tue Aug 27 11:30:01 2024
USER-C,주말에 뭐 할지 벌써부터 설레요!,Tue Aug 27 11:30:04 2024
USER-B,오늘 커피 왜 이렇게 맛있지?,Tue Aug 27 11:30:07 2024
Master,주말에 뭐 할지 벌써부터 설레요!,Tue Aug 27 11:30:10 2024
USER-C,요즘 날씨가 너무 변덕스러워요. 감기 조심하세요!,Tue Aug 27 11:30:13 2024
태영,"최근에 재미있는 유튜브 채널 발견했는데, 같이 볼래요?",Tue Aug 27 11:30:16 2024
태영,요즘 날씨가 너무 변덕스러워요. 감기 조심하세요!,Tue Aug 27 11:30:19 2024
USER-A,오늘 커피 왜 이렇게 맛있지?,Tue Aug 27 11:30:22 2024
USER-B,"최근에 재미있는 유튜브 채널 발견했는데, 같이 볼래요?",Tue Aug 27 11:30:25 2024
USER-C,퇴근하고 뭐 하세요?,Tue Aug 27 11:30:28 2024
USER-A,오늘따라 시간이 너무 안 가는 것 같아요...,Tue Aug 27 11:30:31 2024
j25ng,오늘 커피 왜 이렇게 맛있지?,Tue Aug 27 11:30:34 2024
USER-B,"최근에 재미있는 유튜브 채널 발견했는데, 같이 볼래요?",Tue Aug 27 11:30:37 2024
USER-C,오늘따라 시간이 너무 안 가는 것 같아요...,Tue Aug 27 11:30:40 2024
USER-B,안녕! 나는 봇이야!,Tue Aug 27 11:30:43 2024
USER-D,퇴근하고 뭐 하세요?,Tue Aug 27 11:30:46 2024
USER-A,요즘 날씨가 너무 변덕스러워요. 감기 조심하세요!,Tue Aug 27 11:30:49 2024
WhiteCapella,안녕! 나는 봇이야!,Tue Aug 27 11:30:52 2024
태영,"최근에 재미있는 유튜브 채널 발견했는데, 같이 볼래요?",Tue Aug 27 11:30:55 2024
USER-B,"최근에 재미있는 유튜브 채널 발견했는데, 같이 볼래요?",Tue Aug 27 11:30:58 2024
태영,안녕! 나는 봇이야!,Tue Aug 27 11:31:01 2024
USER-C,집에 가면 냥냥이가 기다리고 있어서 힘이 나요!,Tue Aug 27 11:31:04 2024
sj,요즘 날씨가 너무 변덕스러워요. 감기 조심하세요!,Tue Aug 27 11:31:07 2024
USER-A,"이번 주말에 캠핑 가려고 하는데, 같이 갈래요?",Tue Aug 27 11:31:10 2024
WhiteCapella,안녕! 나는 봇이야!,Tue Aug 27 11:31:13 2024
j25ng,퇴근하고 뭐 하세요?,Tue Aug 27 11:31:16 2024
Master,오늘 커피 왜 이렇게 맛있지?,Tue Aug 27 11:31:19 2024
태영,오늘따라 시간이 너무 안 가는 것 같아요...,Tue Aug 27 11:31:22 2024
태영,점심 뭐 먹을지 고민되네요...,Tue Aug 27 11:31:25 2024
Master,"이번 주말에 캠핑 가려고 하는데, 같이 갈래요?",Tue Aug 27 11:31:28 2024
sj,오늘따라 시간이 너무 안 가는 것 같아요...,Tue Aug 27 11:31:31 2024
USER-A,"이번 주말에 캠핑 가려고 하는데, 같이 갈래요?",Tue Aug 27 11:31:34 2024
WhiteCapella,집에 가면 냥냥이가 기다리고 있어서 힘이 나요!,Tue Aug 27 11:31:37 2024
USER-B,점심 뭐 먹을지 고민되네요...,Tue Aug 27 11:31:40 2024
sj,주말에 뭐 할지 벌써부터 설레요!,Tue Aug 27 11:31:43 2024
sj,안녕! 나는 봇이야!,Tue Aug 27 11:31:46 2024
Master,"이번 주말에 캠핑 가려고 하는데, 같이 갈래요?",Tue Aug 27 11:31:49 2024
sj,오늘따라 시간이 너무 안 가는 것 같아요...,Tue Aug 27 11:31:52 2024
USER-B,오늘 커피 왜 이렇게 맛있지?,Tue Aug 27 11:31:55 2024
sj,주말에 뭐 할지 벌써부터 설레요!,Tue Aug 27 11:31:58 2024
WhiteCapella,주말에 뭐 할지 벌써부터 설레요!,Tue Aug 27 11:32:01 2024
USER-A,혹시 추천해주실 만한 맛집 있나요?,Tue Aug 27 11:32:04 2024
Master,혹시 추천해주실 만한 맛집 있나요?,Tue Aug 27 11:32:07 2024
USER-A,집에 가면 냥냥이가 기다리고 있어서 힘이 나요!,Tue Aug 27 11:32:10 2024
USER-D,점심 뭐 먹을지 고민되네요...,Tue Aug 27 11:32:13 2024
WhiteCapella,"이번 주말에 캠핑 가려고 하는데, 같이 갈래요?",Tue Aug 27 11:32:16 2024
Master,안녕! 나는 봇이야!,Tue Aug 27 11:32:19 2024
USER-D,요즘 날씨가 너무 변덕스러워요. 감기 조심하세요!,Tue Aug 27 11:32:22 2024
USER-B,주말에 뭐 할지 벌써부터 설레요!,Tue Aug 27 11:32:25 2024
sj,"이번 주말에 캠핑 가려고 하는데, 같이 갈래요?",Tue Aug 27 11:32:28 2024
Master,안녕! 나는 봇이야!,Tue Aug 27 11:32:31 2024
태영,주말에 뭐 할지 벌써부터 설레요!,Tue Aug 27 11:32:34 2024
USER-A,"이번 주말에 캠핑 가려고 하는데, 같이 갈래요?",Tue Aug 27 11:32:37 2024
WhiteCapella,퇴근하고 뭐 하세요?,Tue Aug 27 11:32:40 2024
USER-D,"최근에 재미있는 유튜브 채널 발견했는데, 같이 볼래요?",Tue Aug 27 11:32:43 2024
USER-D,"최근에 재미있는 유튜브 채널 발견했는데, 같이 볼래요?",Tue Aug 27 11:32:46 2024
USER-D,퇴근하고 뭐 하세요?,Tue Aug 27 11:32:49 2024
USER-D,요즘 날씨가 너무 변덕스러워요. 감기 조심하세요!,Tue Aug 27 11:32:52 2024
Master,집에 가면 냥냥이가 기다리고 있어서 힘이 나요!,Tue Aug 27 11:32:55 2024
WhiteCapella,"최근에 재미있는 유튜브 채널 발견했는데, 같이 볼래요?",Tue Aug 27 11:32:58 2024
USER-A,오늘따라 시간이 너무 안 가는 것 같아요...,Tue Aug 27 11:33:01 2024
Master,안녕! 나는 봇이야!,Tue Aug 27 11:33:04 2024
USER-C,집에 가면 냥냥이가 기다리고 있어서 힘이 나요!,Tue Aug 27 11:33:07 2024
j25ng,"최근에 재미있는 유튜브 채널 발견했는데, 같이 볼래요?",Tue Aug 27 11:33:10 2024
USER-C,오늘 커피 왜 이렇게 맛있지?,Tue Aug 27 11:33:13 2024
WhiteCapella,혹시 추천해주실 만한 맛집 있나요?,Tue Aug 27 11:33:16 2024
USER-B,퇴근하고 뭐 하세요?,Tue Aug 27 11:33:19 2024
USER-C,"최근에 재미있는 유튜브 채널 발견했는데, 같이 볼래요?",Tue Aug 27 11:33:22 2024
WhiteCapella,오늘 커피 왜 이렇게 맛있지?,Tue Aug 27 11:33:25 2024
j25ng,오늘 커피 왜 이렇게 맛있지?,Tue Aug 27 11:33:28 2024
Master,퇴근하고 뭐 하세요?,Tue Aug 27 11:33:31 2024
Master,혹시 추천해주실 만한 맛집 있나요?,Tue Aug 27 11:33:34 2024
Master,집에 가면 냥냥이가 기다리고 있어서 힘이 나요!,Tue Aug 27 11:33:37 2024
sj,주말에 뭐 할지 벌써부터 설레요!,Tue Aug 27 11:33:40 2024
WhiteCapella,오늘따라 시간이 너무 안 가는 것 같아요...,Tue Aug 27 11:33:43 2024
태영,요즘 날씨가 너무 변덕스러워요. 감기 조심하세요!,Tue Aug 27 11:33:46 2024
USER-C,오늘 커피 왜 이렇게 맛있지?,Tue Aug 27 11:33:49 2024
Master,요즘 날씨가 너무 변덕스러워요. 감기 조심하세요!,Tue Aug 27 11:33:52 2024
USER-C,점심 뭐 먹을지 고민되네요...,Tue Aug 27 11:33:55 2024
Master,점심 뭐 먹을지 고민되네요...,Tue Aug 27 11:33:58 2024
USER-A,퇴근하고 뭐 하세요?,Tue Aug 27 11:34:01 2024
USER-A,퇴근하고 뭐 하세요?,Tue Aug 27 11:34:04 2024
USER-D,퇴근하고 뭐 하세요?,Tue Aug 27 11:34:07 2024
USER-D,집에 가면 냥냥이가 기다리고 있어서 힘이 나요!,Tue Aug 27 11:34:10 2024
USER-D,집에 가면 냥냥이가 기다리고 있어서 힘이 나요!,Tue Aug 27 11:34:13 2024
USER-D,집에 가면 냥냥이가 기다리고 있어서 힘이 나요!,Tue Aug 27 11:34:16 2024
sj,오늘따라 시간이 너무 안 가는 것 같아요...,Tue Aug 27 11:34:19 2024
태영,주말에 뭐 할지 벌써부터 설레요!,Tue Aug 27 11:34:22 2024
USER-C,퇴근하고 뭐 하세요?,Tue Aug 27 11:34:25 2024
태영,주말에 뭐 할지 벌써부터 설레요!,Tue Aug 27 11:34:28 2024
USER-B,오늘따라 시간이 너무 안 가는 것 같아요...,Tue Aug 27 11:34:31 2024
sj,집에 가면 냥냥이가 기다리고 있어서 힘이 나요!,Tue Aug 27 11:34:34 2024
Master,점심 뭐 먹을지 고민되네요...,Tue Aug 27 11:34:37 2024
태영,주말에 뭐 할지 벌써부터 설레요!,Tue Aug 27 11:34:40 2024
USER-D,"최근에 재미있는 유튜브 채널 발견했는데, 같이 볼래요?",Tue Aug 27 11:34:43 2024
sj,혹시 추천해주실 만한 맛집 있나요?,Tue Aug 27 11:34:46 2024
Master,"이번 주말에 캠핑 가려고 하는데, 같이 갈래요?",Tue Aug 27 11:34:49 2024
Master,요즘 날씨가 너무 변덕스러워요. 감기 조심하세요!,Tue Aug 27 11:34:52 2024
Master,주말에 뭐 할지 벌써부터 설레요!,Tue Aug 27 11:34:55 2024
USER-C,안녕! 나는 봇이야!,Tue Aug 27 11:34:58 2024
j25ng,집에 가면 냥냥이가 기다리고 있어서 힘이 나요!,Tue Aug 27 11:35:01 2024
USER-D,집에 가면 냥냥이가 기다리고 있어서 힘이 나요!,Tue Aug 27 11:35:04 2024
sj,"최근에 재미있는 유튜브 채널 발견했는데, 같이 볼래요?",Tue Aug 27 11:35:07 2024
j25ng,"최근에 재미있는 유튜브 채널 발견했는데, 같이 볼래요?",Tue Aug 27 11:35:10 2024
Tester,안녕하세요! 좋은 아(?)침? 입니다!,2024-08-27 11:35:12
태영,혹시 추천해주실 만한 맛집 있나요?,Tue Aug 27 11:35:13 2024
태영,"최근에 재미있는 유튜브 채널 발견했는데, 같이 볼래요?",Tue Aug 27 11:35:16 2024
태영,"이번 주말에 캠핑 가려고 하는데, 같이 갈래요?",Tue Aug 27 11:35:19 2024
j25ng,집에 가면 냥냥이가 기다리고 있어서 힘이 나요!,Tue Aug 27 11:35:22 2024
USER-A,혹시 추천해주실 만한 맛집 있나요?,Tue Aug 27 11:35:25 2024
USER-C,안녕! 나는 봇이야!,Tue Aug 27 11:35:28 2024
sj,주말에 뭐 할지 벌써부터 설레요!,Tue Aug 27 11:35:31 2024
WhiteCapella,점심 뭐 먹을지 고민되네요...,Tue Aug 27 11:35:34 2024
Master,요즘 날씨가 너무 변덕스러워요. 감기 조심하세요!,Tue Aug 27 11:35:37 2024
WhiteCapella,점심 뭐 먹을지 고민되네요...,Tue Aug 27 11:35:40 2024
USER-D,점심 뭐 먹을지 고민되네요...,Tue Aug 27 11:35:43 2024
USER-D,주말에 뭐 할지 벌써부터 설레요!,Tue Aug 27 11:35:46 2024
USER-C,혹시 추천해주실 만한 맛집 있나요?,Tue Aug 27 11:35:49 2024
USER-C,오늘따라 시간이 너무 안 가는 것 같아요...,Tue Aug 27 11:35:52 2024
j25ng,주말에 뭐 할지 벌써부터 설레요!,Tue Aug 27 11:35:55 2024
USER-B,주말에 뭐 할지 벌써부터 설레요!,Tue Aug 27 11:35:58 2024
sj,점심 뭐 먹을지 고민되네요...,Tue Aug 27 11:36:01 2024
sj,요즘 날씨가 너무 변덕스러워요. 감기 조심하세요!,Tue Aug 27 11:36:04 2024
sj,"이번 주말에 캠핑 가려고 하는데, 같이 갈래요?",Tue Aug 27 11:36:07 2024
USER-D,혹시 추천해주실 만한 맛집 있나요?,Tue Aug 27 11:36:10 2024
USER-D,점심 뭐 먹을지 고민되네요...,Tue Aug 27 11:36:13 2024
sj,"최근에 재미있는 유튜브 채널 발견했는데, 같이 볼래요?",Tue Aug 27 11:36:16 2024
j25ng,혹시 추천해주실 만한 맛집 있나요?,Tue Aug 27 11:36:19 2024
USER-B,주말에 뭐 할지 벌써부터 설레요!,Tue Aug 27 11:36:22 2024
USER-A,안녕! 나는 봇이야!,Tue Aug 27 11:36:25 2024
USER-B,"이번 주말에 캠핑 가려고 하는데, 같이 갈래요?",Tue Aug 27 11:36:28 2024
USER-B,혹시 추천해주실 만한 맛집 있나요?,Tue Aug 27 11:36:31 2024
USER-B,점심 뭐 먹을지 고민되네요...,Tue Aug 27 11:36:34 2024
태영,오늘따라 시간이 너무 안 가는 것 같아요...,Tue Aug 27 11:36:37 2024
USER-B,오늘 커피 왜 이렇게 맛있지?,Tue Aug 27 11:36:40 2024
WhiteCapella,혹시 추천해주실 만한 맛집 있나요?,Tue Aug 27 11:36:43 2024
USER-B,주말에 뭐 할지 벌써부터 설레요!,Tue Aug 27 11:36:46 2024
USER-C,오늘 커피 왜 이렇게 맛있지?,Tue Aug 27 11:36:49 2024
Master,혹시 추천해주실 만한 맛집 있나요?,Tue Aug 27 11:36:52 2024
USER-C,혹시 추천해주실 만한 맛집 있나요?,Tue Aug 27 11:36:55 2024
USER-C,안녕! 나는 봇이야!,Tue Aug 27 11:36:58 2024
Master,안녕! 나는 봇이야!,Tue Aug 27 11:37:01 2024
sj,요즘 날씨가 너무 변덕스러워요. 감기 조심하세요!,Tue Aug 27 11:37:04 2024
WhiteCapella,오늘따라 시간이 너무 안 가는 것 같아요...,Tue Aug 27 11:37:07 2024
USER-D,"최근에 재미있는 유튜브 채널 발견했는데, 같이 볼래요?",Tue Aug 27 11:37:10 2024
WhiteCapella,오늘따라 시간이 너무 안 가는 것 같아요...,Tue Aug 27 11:37:13 2024
j25ng,요즘 날씨가 너무 변덕스러워요. 감기 조심하세요!,Tue Aug 27 11:37:16 2024
sj,"최근에 재미있는 유튜브 채널 발견했는데, 같이 볼래요?",Tue Aug 27 11:37:19 2024
태영,퇴근하고 뭐 하세요?,Tue Aug 27 11:37:22 2024
USER-C,집에 가면 냥냥이가 기다리고 있어서 힘이 나요!,Tue Aug 27 11:37:25 2024
USER-C,퇴근하고 뭐 하세요?,Tue Aug 27 11:37:28 2024
USER-B,혹시 추천해주실 만한 맛집 있나요?,Tue Aug 27 11:37:31 2024
USER-A,오늘 커피 왜 이렇게 맛있지?,Tue Aug 27 11:37:34 2024
태영,오늘 커피 왜 이렇게 맛있지?,Tue Aug 27 11:37:37 2024
USER-D,요즘 날씨가 너무 변덕스러워요. 감기 조심하세요!,Tue Aug 27 11:37:41 2024
sj,요즘 날씨가 너무 변덕스러워요. 감기 조심하세요!,Tue Aug 27 11:37:43 2024
USER-A,퇴근하고 뭐 하세요?,Tue Aug 27 11:37:46 2024
USER-B,집에 가면 냥냥이가 기다리고 있어서 힘이 나요!,Tue Aug 27 11:37:49 2024
USER-B,안녕! 나는 봇이야!,Tue Aug 27 11:37:52 2024
태영,점심 뭐 먹을지 고민되네요...,Tue Aug 27 11:37:55 2024
USER-C,"최근에 재미있는 유튜브 채널 발견했는데, 같이 볼래요?",Tue Aug 27 11:37:59 2024
Master,요즘 날씨가 너무 변덕스러워요. 감기 조심하세요!,Tue Aug 27 11:38:02 2024
USER-D,집에 가면 냥냥이가 기다리고 있어서 힘이 나요!,Tue Aug 27 11:38:05 2024
USER-B,집에 가면 냥냥이가 기다리고 있어서 힘이 나요!,Tue Aug 27 11:38:08 2024
Master,혹시 추천해주실 만한 맛집 있나요?,Tue Aug 27 11:38:11 2024
USER-A,오늘따라 시간이 너무 안 가는 것 같아요...,Tue Aug 27 11:38:14 2024
USER-D,요즘 날씨가 너무 변덕스러워요. 감기 조심하세요!,Tue Aug 27 11:38:17 2024
태영,안녕! 나는 봇이야!,Tue Aug 27 11:38:20 2024
태영,혹시 추천해주실 만한 맛집 있나요?,Tue Aug 27 11:38:23 2024
USER-A,요즘 날씨가 너무 변덕스러워요. 감기 조심하세요!,Tue Aug 27 11:38:26 2024
USER-C,주말에 뭐 할지 벌써부터 설레요!,Tue Aug 27 11:38:29 2024
USER-D,"최근에 재미있는 유튜브 채널 발견했는데, 같이 볼래요?",Tue Aug 27 11:38:32 2024
USER-D,퇴근하고 뭐 하세요?,Tue Aug 27 11:38:35 2024
Master,오늘 커피 왜 이렇게 맛있지?,Tue Aug 27 11:38:38 2024
USER-D,점심 뭐 먹을지 고민되네요...,Tue Aug 27 11:38:41 2024
sj,요즘 날씨가 너무 변덕스러워요. 감기 조심하세요!,Tue Aug 27 11:38:44 2024
USER-C,"최근에 재미있는 유튜브 채널 발견했는데, 같이 볼래요?",Tue Aug 27 11:38:47 2024
USER-D,오늘따라 시간이 너무 안 가는 것 같아요...,Tue Aug 27 11:38:50 2024
USER-B,"이번 주말에 캠핑 가려고 하는데, 같이 갈래요?",Tue Aug 27 11:38:53 2024
j25ng,안녕! 나는 봇이야!,Tue Aug 27 11:38:56 2024
태영,오늘따라 시간이 너무 안 가는 것 같아요...,Tue Aug 27 11:38:59 2024
USER-D,요즘 날씨가 너무 변덕스러워요. 감기 조심하세요!,Tue Aug 27 11:39:02 2024
WhiteCapella,"최근에 재미있는 유튜브 채널 발견했는데, 같이 볼래요?",Tue Aug 27 11:39:05 2024
WhiteCapella,"최근에 재미있는 유튜브 채널 발견했는데, 같이 볼래요?",Tue Aug 27 11:39:08 2024
WhiteCapella,"이번 주말에 캠핑 가려고 하는데, 같이 갈래요?",Tue Aug 27 11:39:11 2024
sj,"이번 주말에 캠핑 가려고 하는데, 같이 갈래요?",Tue Aug 27 11:39:14 2024
Master,퇴근하고 뭐 하세요?,Tue Aug 27 11:39:17 2024
USER-D,점심 뭐 먹을지 고민되네요...,Tue Aug 27 11:39:20 2024
WhiteCapella,"이번 주말에 캠핑 가려고 하는데, 같이 갈래요?",Tue Aug 27 11:39:23 2024
USER-C,집에 가면 냥냥이가 기다리고 있어서 힘이 나요!,Tue Aug 27 11:39:26 2024
USER-A,퇴근하고 뭐 하세요?,Tue Aug 27 11:39:29 2024
Master,"이번 주말에 캠핑 가려고 하는데, 같이 갈래요?",Tue Aug 27 11:39:32 2024
USER-A,오늘따라 시간이 너무 안 가는 것 같아요...,Tue Aug 27 11:39:35 2024
USER-C,안녕! 나는 봇이야!,Tue Aug 27 11:39:38 2024
USER-C,점심 뭐 먹을지 고민되네요...,Tue Aug 27 11:39:41 2024
j25ng,오늘 커피 왜 이렇게 맛있지?,Tue Aug 27 11:39:44 2024
USER-C,집에 가면 냥냥이가 기다리고 있어서 힘이 나요!,Tue Aug 27 11:39:47 2024
USER-C,안녕! 나는 봇이야!,Tue Aug 27 11:39:50 2024
USER-D,"이번 주말에 캠핑 가려고 하는데, 같이 갈래요?",Tue Aug 27 11:39:53 2024
j25ng,"이번 주말에 캠핑 가려고 하는데, 같이 갈래요?",Tue Aug 27 11:39:56 2024
j25ng,집에 가면 냥냥이가 기다리고 있어서 힘이 나요!,Tue Aug 27 11:39:59 2024
USER-B,안녕! 나는 봇이야!,Tue Aug 27 11:40:02 2024
j25ng,집에 가면 냥냥이가 기다리고 있어서 힘이 나요!,Tue Aug 27 11:40:05 2024
WhiteCapella,오늘따라 시간이 너무 안 가는 것 같아요...,Tue Aug 27 11:40:08 2024
WhiteCapella,혹시 추천해주실 만한 맛집 있나요?,Tue Aug 27 11:40:11 2024
USER-B,요즘 날씨가 너무 변덕스러워요. 감기 조심하세요!,Tue Aug 27 11:40:14 2024
USER-C,요즘 날씨가 너무 변덕스러워요. 감기 조심하세요!,Tue Aug 27 11:40:17 2024
태영,안녕! 나는 봇이야!,Tue Aug 27 11:40:20 2024
WhiteCapella,점심 뭐 먹을지 고민되네요...,Tue Aug 27 11:40:23 2024
WhiteCapella,"이번 주말에 캠핑 가려고 하는데, 같이 갈래요?",Tue Aug 27 11:40:26 2024
j25ng,"이번 주말에 캠핑 가려고 하는데, 같이 갈래요?",Tue Aug 27 11:40:29 2024
USER-A,"이번 주말에 캠핑 가려고 하는데, 같이 갈래요?",Tue Aug 27 11:40:32 2024
WhiteCapella,집에 가면 냥냥이가 기다리고 있어서 힘이 나요!,Tue Aug 27 11:40:35 2024
Master,오늘따라 시간이 너무 안 가는 것 같아요...,Tue Aug 27 11:40:38 2024
WhiteCapella,집에 가면 냥냥이가 기다리고 있어서 힘이 나요!,Tue Aug 27 11:40:41 2024
Master,요즘 날씨가 너무 변덕스러워요. 감기 조심하세요!,Tue Aug 27 11:40:44 2024
USER-C,오늘따라 시간이 너무 안 가는 것 같아요...,Tue Aug 27 11:40:47 2024
USER-C,주말에 뭐 할지 벌써부터 설레요!,Tue Aug 27 11:40:50 2024
sj,"최근에 재미있는 유튜브 채널 발견했는데, 같이 볼래요?",Tue Aug 27 11:40:53 2024
USER-B,오늘 커피 왜 이렇게 맛있지?,Tue Aug 27 11:40:56 2024
Master,"최근에 재미있는 유튜브 채널 발견했는데, 같이 볼래요?",Tue Aug 27 11:40:59 2024
sj,퇴근하고 뭐 하세요?,Tue Aug 27 11:41:02 2024
USER-C,점심 뭐 먹을지 고민되네요...,Tue Aug 27 11:41:05 2024
Master,요즘 날씨가 너무 변덕스러워요. 감기 조심하세요!,Tue Aug 27 11:41:08 2024
Master,오늘 커피 왜 이렇게 맛있지?,Tue Aug 27 11:41:11 2024
Master,"이번 주말에 캠핑 가려고 하는데, 같이 갈래요?",Tue Aug 27 11:41:14 2024
태영,점심 뭐 먹을지 고민되네요...,Tue Aug 27 11:41:17 2024
USER-B,퇴근하고 뭐 하세요?,Tue Aug 27 11:41:20 2024
Master,주말에 뭐 할지 벌써부터 설레요!,Tue Aug 27 11:41:23 2024
Master,오늘따라 시간이 너무 안 가는 것 같아요...,Tue Aug 27 11:41:26 2024
USER-C,혹시 추천해주실 만한 맛집 있나요?,Tue Aug 27 11:41:29 2024
WhiteCapella,안녕! 나는 봇이야!,Tue Aug 27 11:41:32 2024
태영,"이번 주말에 캠핑 가려고 하는데, 같이 갈래요?",Tue Aug 27 11:41:35 2024
j25ng,"최근에 재미있는 유튜브 채널 발견했는데, 같이 볼래요?",Tue Aug 27 11:41:38 2024
USER-B,안녕! 나는 봇이야!,Tue Aug 27 11:41:41 2024
USER-B,혹시 추천해주실 만한 맛집 있나요?,Tue Aug 27 11:41:44 2024
sj,혹시 추천해주실 만한 맛집 있나요?,Tue Aug 27 11:41:47 2024
Master,집에 가면 냥냥이가 기다리고 있어서 힘이 나요!,Tue Aug 27 11:41:50 2024
WhiteCapella,오늘 커피 왜 이렇게 맛있지?,Tue Aug 27 11:41:53 2024
sj,안녕! 나는 봇이야!,Tue Aug 27 11:41:56 2024
USER-D,점심 뭐 먹을지 고민되네요...,Tue Aug 27 11:41:59 2024
USER-B,집에 가면 냥냥이가 기다리고 있어서 힘이 나요!,Tue Aug 27 11:42:02 2024
태영,안녕! 나는 봇이야!,Tue Aug 27 11:42:05 2024
Master,점심 뭐 먹을지 고민되네요...,Tue Aug 27 11:42:08 2024
sj,"이번 주말에 캠핑 가려고 하는데, 같이 갈래요?",Tue Aug 27 11:42:11 2024
USER-D,집에 가면 냥냥이가 기다리고 있어서 힘이 나요!,Tue Aug 27 11:42:14 2024
USER-C,혹시 추천해주실 만한 맛집 있나요?,Tue Aug 27 11:42:17 2024
Master,요즘 날씨가 너무 변덕스러워요. 감기 조심하세요!,Tue Aug 27 11:42:20 2024
sj,퇴근하고 뭐 하세요?,Tue Aug 27 11:42:23 2024
Master,"최근에 재미있는 유튜브 채널 발견했는데, 같이 볼래요?",Tue Aug 27 11:42:26 2024
USER-C,안녕! 나는 봇이야!,Tue Aug 27 11:42:29 2024
USER-B,오늘따라 시간이 너무 안 가는 것 같아요...,Tue Aug 27 11:42:32 2024
USER-D,오늘따라 시간이 너무 안 가는 것 같아요...,Tue Aug 27 11:42:35 2024
sj,"이번 주말에 캠핑 가려고 하는데, 같이 갈래요?",Tue Aug 27 11:42:38 2024
USER-D,"최근에 재미있는 유튜브 채널 발견했는데, 같이 볼래요?",Tue Aug 27 11:42:41 2024
j25ng,"최근에 재미있는 유튜브 채널 발견했는데, 같이 볼래요?",Tue Aug 27 11:42:44 2024
USER-C,혹시 추천해주실 만한 맛집 있나요?,Tue Aug 27 11:42:47 2024
USER-A,주말에 뭐 할지 벌써부터 설레요!,Tue Aug 27 11:42:50 2024
j25ng,"이번 주말에 캠핑 가려고 하는데, 같이 갈래요?",Tue Aug 27 11:42:53 2024
WhiteCapella,혹시 추천해주실 만한 맛집 있나요?,Tue Aug 27 11:42:56 2024
USER-A,오늘따라 시간이 너무 안 가는 것 같아요...,Tue Aug 27 11:42:59 2024
USER-B,집에 가면 냥냥이가 기다리고 있어서 힘이 나요!,Tue Aug 27 11:43:02 2024
USER-B,안녕! 나는 봇이야!,Tue Aug 27 11:43:05 2024
sj,"이번 주말에 캠핑 가려고 하는데, 같이 갈래요?",Tue Aug 27 11:43:08 2024
Master,점심 뭐 먹을지 고민되네요...,Tue Aug 27 11:43:11 2024
USER-A,주말에 뭐 할지 벌써부터 설레요!,Tue Aug 27 11:43:14 2024
태영,오늘 커피 왜 이렇게 맛있지?,Tue Aug 27 11:43:17 2024
sj,ㅌ,2024-08-27 11:45:07
sj,,2024-08-27 11:45:09
sj,테스ㅅ트욤,2024-08-27 11:45:12
sj,1,2024-08-27 11:45:13
sj,2,2024-08-27 11:45:14
sj,3,2024-08-27 11:45:14
sj,4,2024-08-27 11:45:15
sj,5,2024-08-27 11:47:32
수진,hi,2024-08-27 11:59:12
jj,t,2024-08-27 12:08:12
jj,test,2024-08-27 12:08:14
jj,,2024-08-27 12:08:17
수진,말하삼@@,2024-08-27 12:09:43
sj,,2024-08-27 12:09:50
sj,심심할 때,2024-08-27 12:10:13
sj,심심할 때 한 마디 씩ㅎ,2024-08-27 12:10:17
sj,새주세요,2024-08-27 12:10:20
sj,해주세욤,2024-08-27 12:10:22
sj,ㅎㅎ,2024-08-27 12:10:23
jj,넹,2024-08-27 12:10:24
jj,ㅋㅋㅋㅋㅋㅋ,2024-08-27 12:10:26
jj,r,2024-08-27 12:10:36
user,test,2024-08-27 12:15:36
user,test,2024-08-27 12:15:45
user,test,2024-08-27 12:16:21
user,testest,2024-08-27 12:16:23
jj,,2024-08-27 12:17:31
user,test,2024-08-27 12:17:41
user,ㅠㅠ,2024-08-27 12:17:44
user,왜 안뜨지,2024-08-27 12:17:46
user,제발..띄워주세욮ㅍ퓨ㅠㅜㅠㅜ,2024-08-27 12:19:59
user,감동,2024-08-27 12:22:47
user,ㅏㅣ/ㅣㅐ;;/ㅣㅔ;,2024-08-27 12:23:10
user,quit,2024-08-27 12:27:49
user,?,2024-08-27 12:27:50
user,아니네..,2024-08-27 12:27:57
user,exit,2024-08-27 12:27:58
user,ㅠㅠㅠㅠㅠ,2024-08-27 12:28:02
user,탈출 실패,2024-08-27 12:28:10
user,전송 테스트,2024-08-27 12:32:29
user,확인,2024-08-27 12:32:31
user,👍,2024-08-27 12:32:35
j25ng,test 중,2024-08-27 12:42:58
j25ng,굿,2024-08-27 12:43:01
Monitor,Good,2024-08-27 13:32:44
Monitor,끼이야아아아아아악,2024-08-27 13:33:59
Monitor,,2024-08-27 13:34:02
Monitor,뭐고 왜안돼,2024-08-27 13:34:11
Monitor,오 갑자기 되네,2024-08-27 13:34:15
j25ng,안녕하세요,2024-08-27 13:46:05
j25ng,dkflsdkfjsdkl;jf;sdkljf,2024-08-27 13:57:37
j25ng,오후도 화이팅입니다~~~,2024-08-27 14:05:10
sj,화이팅 ~!~!,2024-08-27 14:08:03
태영,,1724736917.889997
태영,해당 영화는 없습니다.,1724737203.030873
태영,"ㅠ@bot 광해, 왕이 된 남자 장르",1724737228.704985
태영,"영화 ""광해, 왕이 된 남자""의 장르는 사극입니다.",1724737239.154237
sj,,2024-08-27 14:44:36
수진,,2024-08-27 14:44:36
수진,쉬는시간이에요,2024-08-27 14:52:35
수진,여러분,2024-08-27 14:52:37
수진,,2024-08-27 14:52:38
j25ng,,2024-08-27 15:06:38
수진,,2024-08-27 15:29:25
수진,하 ~~,2024-08-27 15:29:26
수진,ㅎ안도;ㄴ다,2024-08-27 15:29:37
수진,안돼,2024-08-27 15:29:41
수진,,2024-08-27 15:29:52
수진,,2024-08-27 15:29:53
수진,,2024-08-27 15:34:06
tester-A,?,1724740570.4524713
tester-A,:q,1724740572.8760786
j25ng,어렵다..,2024-08-27 15:57:49
j25ng,어렵네요..,2024-08-27 15:57:52
j25ng,ㅠㅠㅠㅠㅠㅠㅠㅠㅠㅠㅠㅠㅠㅠㅠㅠㅠㅠㅠㅠ,2024-08-27 15:57:55
sj,,2024-08-27 16:30:17
sj,그만하고싶어요,2024-08-27 16:30:20
j25ng,ㅠㅠㅠㅠㅠㅠㅠㅠㅠㅠㅠ힘들다..,2024-08-27 16:39:39
j25ng,엥???,2024-08-27 16:50:00
j25ng,?????,2024-08-27 16:50:31
j25ng,dsfsdfsdfsd,2024-08-27 16:54:44
user,안녕하세요,2024-08-27 16:55:39
j25ng,dfsdfdasfsdf,2024-08-27 16:57:27
j25ng,안녕하세요,2024-08-27 17:00:01
j25ng,안녕하세요..,2024-08-27 17:09:50
j25ng,뭐가 문제일까요?,2024-08-27 17:09:59
j25ng,test,2024-08-27 17:17:40
j25ng,열심히 테스트 중,2024-08-27 17:17:47
sj,한마디할게요..,2024-08-27 17:19:09
sj,히히,2024-08-27 17:19:13
j25ng,오..,2024-08-27 17:19:27
j25ng,git branch dev/textual에 textual 적용한 채팅 프로그램 push 했습니다.,2024-08-27 17:23:39
j25ng,python textual_main.py <user_name> 이렇게 접속하면 정상적으로 작동합니다.,2024-08-27 17:24:42
sj,넹감사합니돠,2024-08-27 17:24:44
sj,,2024-08-27 17:24:47
sj,집 가기 25분 전@!!!,2024-08-27 17:25:06
sj,전 마라탕먹으러갑니다,2024-08-27 17:25:12
j25ng,맛있겠다,2024-08-27 17:26:43
sj,판다스 다운받을게요~,2024-08-27 17:29:03
sj,pandas,2024-08-27 17:29:07
sj,,2024-08-27 17:29:07
sj,pyarrow도 해야합니다~,2024-08-27 17:29:16
sj,,2024-08-27 17:29:17
j25ng,흠..,2024-08-27 17:36:57
태영,@bot 극한직업 감독,1724748150.8273678
태영,@bot 극한직업 감독,1724748555.064446
태영,@bot 극한직업 감독,1724805242.013519
태영,하이,1724805382.7636826
Monitor-A,아 이제 되네,2024-08-28 09:41:54
j25ng,드디어 접속,2024-08-28 09:50:19
j25ng,dev/final_chat 브랜치에 있는 src/bcs/textual_main.py로 실행하시면 ,2024-08-28 09:53:52
j25ng,수정사항 확인 가능하십니다.,2024-08-28 09:53:58
j25ng,ㅠㅠㅠㅠ접속시켜주세요..,2024-08-28 10:07:08
Monitor-A,?,2024-08-28 10:07:51
Monitor-A,저런..,2024-08-28 10:08:08
j25ng,접속..,2024-08-28 10:18:10
j25ng,성공,2024-08-28 10:18:11
태영,exi,1724810792.7658343
j25ng,3교시도 화이팅..,2024-08-28 11:07:49
Monitor-A,화이팅,2024-08-28 11:11:33
@systembot, system_bot test,2024-08-28 11:39:44
@systembot, 회의시간 5분전 입니다.,2024-08-28 11:40:54
Jun,우와우,2024-08-28 12:08:16
@bot,"['태영님, 정확히 어떤 영화를 찾으시나요? 번호를 입력해주세요. ex) @bot 숫자 \n\n1. 제목: 제 2회 서울문화고 문화영상제 1학년 작품, 장르: 기타, 국가: 한국\n2. 제목: 극한 직업 여직원의 일과, 장르: , 국가: 한국\n3. 제목: 극한직업, 장르: 코미디, 국가: 한국\n4. 제목: 2019 제2회 대한민국패럴스마트폰영화제 섹션A, 장르: 드라마, 국가: 한국\n5. 제목: 텅 커터스: 어린이 극한 직업, 장르: 다큐멘터리, 국가: 노르웨이', '극한직업 ', 'directors_peopleNm', ['2023C645', '2022B267', '20182530', '20197651', '20171387']]",1724814749.412882
Jun,Oh!,2024-08-28 12:17:29
Jun,Happy!,2024-08-28 12:17:33
Jun,Day!,2024-08-28 12:17:37
@bot,"['태영님, 정확히 어떤 영화를 찾으시나요? 번호를 입력해주세요. ex) @bot 숫자 \n\n1. 제목: 제 2회 서울문화고 문화영상제 1학년 작품, 장르: 기타, 국가: 한국\n2. 제목: 극한 직업 여직원의 일과, 장르: , 국가: 한국\n3. 제목: 극한직업, 장르: 코미디, 국가: 한국\n4. 제목: 2019 제2회 대한민국패럴스마트폰영화제 섹션A, 장르: 드라마, 국가: 한국\n5. 제목: 텅 커터스: 어린이 극한 직업, 장르: 다큐멘터리, 국가: 노르웨이', '극한직업 ', 'directors_peopleNm', ['2023C645', '2022B267', '20182530', '20197651', '20171387']]",2024-08-28 12:18:42
태영,"@bot 광해, 왕이 된 남자 장르",1724815134.0111806
@bot,"['태영님, 정확히 어떤 영화를 찾으시나요? 번호를 입력해주세요. ex) @bot 숫자 \n\n1. 제목: 제 2회 서울문화고 문화영상제 1학년 작품, 장르: 기타, 국가: 한국\n2. 제목: 극한 직업 여직원의 일과, 장르: , 국가: 한국\n3. 제목: 극한직업, 장르: 코미디, 국가: 한국\n4. 제목: 2019 제2회 대한민국패럴스마트폰영화제 섹션A, 장르: 드라마, 국가: 한국\n5. 제목: 텅 커터스: 어린이 극한 직업, 장르: 다큐멘터리, 국가: 노르웨이', '극한직업 ', 'directors_peopleNm', ['2023C645', '2022B267', '20182530', '20197651', '20171387']]",2024-08-28 12:19:56
@bot,"['태영님, 정확히 어떤 영화를 찾으시나요? 번호를 입력해주세요. ex) @bot 숫자 \n\n1. 제목: 제 2회 서울문화고 문화영상제 1학년 작품, 장르: 기타, 국가: 한국\n2. 제목: 극한 직업 여직원의 일과, 장르: , 국가: 한국\n3. 제목: 극한직업, 장르: 코미디, 국가: 한국\n4. 제목: 2019 제2회 대한민국패럴스마트폰영화제 섹션A, 장르: 드라마, 국가: 한국\n5. 제목: 텅 커터스: 어린이 극한 직업, 장르: 다큐멘터리, 국가: 노르웨이', '극한직업 ', 'directors_peopleNm', ['2023C645', '2022B267', '20182530', '20197651', '20171387']]",2024-08-28 12:20:49
@bot,"['태영님, 정확히 어떤 영화를 찾으시나요? 번호를 입력해주세요. ex) @bot 숫자 \n\n1. 제목: 제 2회 서울문화고 문화영상제 1학년 작품, 장르: 기타, 국가: 한국\n2. 제목: 극한 직업 여직원의 일과, 장르: , 국가: 한국\n3. 제목: 극한직업, 장르: 코미디, 국가: 한국\n4. 제목: 2019 제2회 대한민국패럴스마트폰영화제 섹션A, 장르: 드라마, 국가: 한국\n5. 제목: 텅 커터스: 어린이 극한 직업, 장르: 다큐멘터리, 국가: 노르웨이', '극한직업 ', 'directors_peopleNm', ['2023C645', '2022B267', '20182530', '20197651', '20171387']]",2024-08-28 12:21:01
@bot,"['태영님, 정확히 어떤 영화를 찾으시나요? 번호를 입력해주세요. ex) @bot 숫자 \n\n1. 제목: 제 2회 서울문화고 문화영상제 1학년 작품, 장르: 기타, 국가: 한국\n2. 제목: 극한 직업 여직원의 일과, 장르: , 국가: 한국\n3. 제목: 극한직업, 장르: 코미디, 국가: 한국\n4. 제목: 2019 제2회 대한민국패럴스마트폰영화제 섹션A, 장르: 드라마, 국가: 한국\n5. 제목: 텅 커터스: 어린이 극한 직업, 장르: 다큐멘터리, 국가: 노르웨이', '극한직업 ', 'directors_peopleNm', ['2023C645', '2022B267', '20182530', '20197651', '20171387']]",2024-08-28 12:21:10
@bot,"['태영님, 정확히 어떤 영화를 찾으시나요? 번호를 입력해주세요. ex) @bot 숫자 \n\n1. 제목: 제 2회 서울문화고 문화영상제 1학년 작품, 장르: 기타, 국가: 한국\n2. 제목: 극한 직업 여직원의 일과, 장르: , 국가: 한국\n3. 제목: 극한직업, 장르: 코미디, 국가: 한국\n4. 제목: 2019 제2회 대한민국패럴스마트폰영화제 섹션A, 장르: 드라마, 국가: 한국\n5. 제목: 텅 커터스: 어린이 극한 직업, 장르: 다큐멘터리, 국가: 노르웨이', '극한직업 ', 'directors_peopleNm', ['2023C645', '2022B267', '20182530', '20197651', '20171387']]",2024-08-28 12:21:14
j25ng,에러 발생,2024-08-28 12:24:56
j25ng,휴,2024-08-28 12:25:00
j25ng,다행,2024-08-28 12:25:01
@bot,"태영님, 정확히 어떤 영화를 찾으시나요? 번호를 입력해주세요. ex) @bot 숫자

 1. 제목: 제 2회 서울문화고 문화영상제 1학년 작품, 장르: 기타, 국가: 한국
2. 제목: 극한 직업 여직원의 일과, 장르: , 국가: 한국
3. 제목: 극한직업, 장르: 코미디, 국가: 한국
4. 제목: 2019 제2회 대한민국패럴스마트폰영화제 섹션A, 장르: 드라마, 국가: 한국
5. 제목: 텅 커터스: 어린이 극한 직업, 장르: 다큐멘터리, 국가: 노르웨이",2024-08-28 12:31:02
태영,"@bot 광해, 왕이 된 남자 장르",1724815881.8784938
태영,"@bot 광해, 왕이 된 남자 장르",1724816148.294789
태영,"@bot 광해, 왕이 된 남자 장르",1724816435.4040277
@bot,"태영님, 영화 ""광해, 왕이 된 남자""의 장르는 사극입니다.",2024-08-28 12:40:37
j25ng,@bot 광해,2024-08-28 12:41:35
j25ng,@bot 광해 감독,2024-08-28 12:41:51
Jun,"@bot 광해, 왕이 된 남자 장르",2024-08-28 12:42:20
j25ng,"@bot 광해, 왕이 된 남자 장르",2024-08-28 12:42:25
태영,"@@bot 광해, 왕이 된 남자 장르",1724816847.9919114
Jun,"@bot 광해, 왕이 된 남자 감독",2024-08-28 12:47:56
@bot,"Jun님, 영화 ""광해, 왕이 된 남자""의 감독은 추창민입니다.",2024-08-28 12:48:01
j25ng,"@bot 광해, 왕이 된 남자 감독",2024-08-28 12:48:31
Jun,혹시 추천해주실 만한 맛집 있나요?,Wed Aug 28 12:52:48 2024
태영,혹시 추천해주실 만한 맛집 있나요?,Wed Aug 28 12:52:58 2024
USER-A,"이번 주말에 캠핑 가려고 하는데, 같이 갈래요?",Wed Aug 28 12:53:08 2024
j25ng,"이번 주말에 캠핑 가려고 하는데, 같이 갈래요?",Wed Aug 28 12:53:18 2024
USER-D,"최근에 재미있는 유튜브 채널 발견했는데, 같이 볼래요?",Wed Aug 28 12:53:28 2024
sj,주말에 뭐 할지 벌써부터 설레요!,Wed Aug 28 12:53:38 2024
j25ng,요즘 날씨가 너무 변덕스러워요. 감기 조심하세요!,Wed Aug 28 12:53:48 2024
태영,"@bot 광해, 왕이 된 남자 장르",1724817235.076698
USER-A,"이번 주말에 캠핑 가려고 하는데, 같이 갈래요?",Wed Aug 28 12:53:58 2024
태영,"@bot 광해, 왕이 된 남자 장르",1724817245.57277
sj,주말에 뭐 할지 벌써부터 설레요!,Wed Aug 28 12:54:08 2024
sj,요즘 날씨가 너무 변덕스러워요. 감기 조심하세요!,Wed Aug 28 12:54:18 2024
USER-C,혹시 추천해주실 만한 맛집 있나요?,Wed Aug 28 12:54:28 2024
USER-D,요즘 날씨가 너무 변덕스러워요. 감기 조심하세요!,Wed Aug 28 12:54:38 2024
USER-D,주말에 뭐 할지 벌써부터 설레요!,Wed Aug 28 12:54:48 2024
USER-A,"최근에 재미있는 유튜브 채널 발견했는데, 같이 볼래요?",Wed Aug 28 12:54:58 2024
USER-B,집에 가면 냥냥이가 기다리고 있어서 힘이 나요!,Wed Aug 28 12:55:08 2024
j25ng,주말에 뭐 할지 벌써부터 설레요!,Wed Aug 28 12:55:18 2024
sj,"최근에 재미있는 유튜브 채널 발견했는데, 같이 볼래요?",Wed Aug 28 12:55:28 2024
USER-D,퇴근하고 뭐 하세요?,Wed Aug 28 12:55:38 2024
USER-C,퇴근하고 뭐 하세요?,Wed Aug 28 12:55:48 2024
USER-B,요즘 날씨가 너무 변덕스러워요. 감기 조심하세요!,Wed Aug 28 12:55:58 2024
USER-A,요즘 날씨가 너무 변덕스러워요. 감기 조심하세요!,Wed Aug 28 12:56:08 2024
USER-D,오늘따라 시간이 너무 안 가는 것 같아요...,Wed Aug 28 12:56:18 2024
USER-A,오늘따라 시간이 너무 안 가는 것 같아요...,Wed Aug 28 12:56:28 2024
태영,퇴근하고 뭐 하세요?,Wed Aug 28 12:56:38 2024
USER-D,주말에 뭐 할지 벌써부터 설레요!,Wed Aug 28 12:56:48 2024
Jun,퇴근하고 뭐 하세요?,Wed Aug 28 12:56:58 2024
j25ng,"이번 주말에 캠핑 가려고 하는데, 같이 갈래요?",Wed Aug 28 12:57:08 2024
USER-B,안녕! 나는 봇이야!,Wed Aug 28 12:57:18 2024
USER-A,요즘 날씨가 너무 변덕스러워요. 감기 조심하세요!,Wed Aug 28 12:57:28 2024
sj,요즘 날씨가 너무 변덕스러워요. 감기 조심하세요!,Wed Aug 28 12:57:38 2024
Master,퇴근하고 뭐 하세요?,Wed Aug 28 12:57:48 2024
Jun,점심 뭐 먹을지 고민되네요...,Wed Aug 28 12:57:58 2024
USER-B,점심 뭐 먹을지 고민되네요...,Wed Aug 28 12:58:08 2024
USER-A,안녕! 나는 봇이야!,Wed Aug 28 12:58:18 2024
Jun,"최근에 재미있는 유튜브 채널 발견했는데, 같이 볼래요?",Wed Aug 28 12:58:28 2024
USER-C,혹시 추천해주실 만한 맛집 있나요?,Wed Aug 28 12:58:38 2024
Jun,"최근에 재미있는 유튜브 채널 발견했는데, 같이 볼래요?",Wed Aug 28 12:58:48 2024
sj,점심 뭐 먹을지 고민되네요...,Wed Aug 28 12:58:58 2024
j25ng,점심 뭐 먹을지 고민되네요...,Wed Aug 28 12:59:08 2024
sj,안녕! 나는 봇이야!,Wed Aug 28 12:59:18 2024
USER-C,오늘따라 시간이 너무 안 가는 것 같아요...,Wed Aug 28 12:59:28 2024
USER-B,요즘 날씨가 너무 변덕스러워요. 감기 조심하세요!,Wed Aug 28 12:59:38 2024
USER-D,안녕! 나는 봇이야!,Wed Aug 28 12:59:48 2024
sj,요즘 날씨가 너무 변덕스러워요. 감기 조심하세요!,Wed Aug 28 12:59:58 2024
태영,집에 가면 냥냥이가 기다리고 있어서 힘이 나요!,Wed Aug 28 13:00:08 2024
USER-B,"이번 주말에 캠핑 가려고 하는데, 같이 갈래요?",Wed Aug 28 13:00:18 2024
Master,안녕! 나는 봇이야!,Wed Aug 28 13:00:28 2024
USER-D,퇴근하고 뭐 하세요?,Wed Aug 28 13:00:38 2024
USER-B,집에 가면 냥냥이가 기다리고 있어서 힘이 나요!,Wed Aug 28 13:00:48 2024
j25ng,오늘따라 시간이 너무 안 가는 것 같아요...,Wed Aug 28 13:00:58 2024
USER-D,안녕! 나는 봇이야!,Wed Aug 28 13:01:08 2024
태영,요즘 날씨가 너무 변덕스러워요. 감기 조심하세요!,Wed Aug 28 13:01:18 2024
sj,퇴근하고 뭐 하세요?,Wed Aug 28 13:01:28 2024
Master,주말에 뭐 할지 벌써부터 설레요!,Wed Aug 28 13:01:38 2024
USER-D,"이번 주말에 캠핑 가려고 하는데, 같이 갈래요?",Wed Aug 28 13:01:48 2024
태영,안녕! 나는 봇이야!,Wed Aug 28 13:01:58 2024
USER-C,집에 가면 냥냥이가 기다리고 있어서 힘이 나요!,Wed Aug 28 13:02:08 2024
Jun,오늘따라 시간이 너무 안 가는 것 같아요...,Wed Aug 28 13:02:18 2024
Jun,집에 가면 냥냥이가 기다리고 있어서 힘이 나요!,Wed Aug 28 13:02:28 2024
Master,오늘따라 시간이 너무 안 가는 것 같아요...,Wed Aug 28 13:02:38 2024
Master,오늘따라 시간이 너무 안 가는 것 같아요...,Wed Aug 28 13:02:48 2024
USER-B,오늘따라 시간이 너무 안 가는 것 같아요...,Wed Aug 28 13:02:58 2024
j25ng,오늘 커피 왜 이렇게 맛있지?,Wed Aug 28 13:03:08 2024
USER-A,"이번 주말에 캠핑 가려고 하는데, 같이 갈래요?",Wed Aug 28 13:03:18 2024
j25ng,오늘 커피 왜 이렇게 맛있지?,Wed Aug 28 13:03:28 2024
USER-C,"이번 주말에 캠핑 가려고 하는데, 같이 갈래요?",Wed Aug 28 13:03:38 2024
Master,퇴근하고 뭐 하세요?,Wed Aug 28 13:03:48 2024
USER-A,퇴근하고 뭐 하세요?,Wed Aug 28 13:03:58 2024
USER-B,집에 가면 냥냥이가 기다리고 있어서 힘이 나요!,Wed Aug 28 13:04:08 2024
Jun,"최근에 재미있는 유튜브 채널 발견했는데, 같이 볼래요?",Wed Aug 28 13:04:18 2024
sj,점심 뭐 먹을지 고민되네요...,Wed Aug 28 13:04:28 2024
USER-D,"이번 주말에 캠핑 가려고 하는데, 같이 갈래요?",Wed Aug 28 13:04:38 2024
USER-B,요즘 날씨가 너무 변덕스러워요. 감기 조심하세요!,Wed Aug 28 13:04:48 2024
태영,요즘 날씨가 너무 변덕스러워요. 감기 조심하세요!,Wed Aug 28 13:04:58 2024
태영,집에 가면 냥냥이가 기다리고 있어서 힘이 나요!,Wed Aug 28 13:05:08 2024
j25ng,퇴근하고 뭐 하세요?,Wed Aug 28 13:05:18 2024
Jun,"이번 주말에 캠핑 가려고 하는데, 같이 갈래요?",Wed Aug 28 13:05:28 2024
Master,"이번 주말에 캠핑 가려고 하는데, 같이 갈래요?",Wed Aug 28 13:05:38 2024
j25ng,집에 가면 냥냥이가 기다리고 있어서 힘이 나요!,Wed Aug 28 13:05:48 2024
USER-A,점심 뭐 먹을지 고민되네요...,Wed Aug 28 13:05:58 2024
USER-D,혹시 추천해주실 만한 맛집 있나요?,Wed Aug 28 13:06:08 2024
sj,주말에 뭐 할지 벌써부터 설레요!,Wed Aug 28 13:06:18 2024
Jun,오늘따라 시간이 너무 안 가는 것 같아요...,Wed Aug 28 13:06:28 2024
Master,오늘 커피 왜 이렇게 맛있지?,Wed Aug 28 13:06:38 2024
태영,혹시 추천해주실 만한 맛집 있나요?,Wed Aug 28 13:06:48 2024
Jun,혹시 추천해주실 만한 맛집 있나요?,Wed Aug 28 13:06:58 2024
Master,혹시 추천해주실 만한 맛집 있나요?,Wed Aug 28 13:07:08 2024
USER-B,안녕! 나는 봇이야!,Wed Aug 28 13:07:18 2024
태영,혹시 추천해주실 만한 맛집 있나요?,Wed Aug 28 13:07:28 2024
Jun,"이번 주말에 캠핑 가려고 하는데, 같이 갈래요?",Wed Aug 28 13:07:38 2024
j25ng,주말에 뭐 할지 벌써부터 설레요!,Wed Aug 28 13:07:48 2024
j25ng,요즘 날씨가 너무 변덕스러워요. 감기 조심하세요!,Wed Aug 28 13:07:58 2024
태영,요즘 날씨가 너무 변덕스러워요. 감기 조심하세요!,Wed Aug 28 13:08:08 2024
USER-C,오늘 커피 왜 이렇게 맛있지?,Wed Aug 28 13:08:18 2024
USER-C,집에 가면 냥냥이가 기다리고 있어서 힘이 나요!,Wed Aug 28 13:08:28 2024
USER-D,안녕! 나는 봇이야!,Wed Aug 28 13:08:38 2024
sj,혹시 추천해주실 만한 맛집 있나요?,Wed Aug 28 13:08:48 2024
USER-C,안녕! 나는 봇이야!,Wed Aug 28 13:08:58 2024
sj,집에 가면 냥냥이가 기다리고 있어서 힘이 나요!,Wed Aug 28 13:09:08 2024
USER-C,오늘 커피 왜 이렇게 맛있지?,Wed Aug 28 13:09:18 2024
j25ng,안녕! 나는 봇이야!,Wed Aug 28 13:09:28 2024
USER-C,오늘따라 시간이 너무 안 가는 것 같아요...,Wed Aug 28 13:09:38 2024
USER-A,퇴근하고 뭐 하세요?,Wed Aug 28 13:09:48 2024
USER-A,혹시 추천해주실 만한 맛집 있나요?,Wed Aug 28 13:09:58 2024
태영,주말에 뭐 할지 벌써부터 설레요!,Wed Aug 28 13:10:08 2024
Jun,오늘 커피 왜 이렇게 맛있지?,Wed Aug 28 13:10:18 2024
USER-B,"최근에 재미있는 유튜브 채널 발견했는데, 같이 볼래요?",Wed Aug 28 13:10:28 2024
sj,주말에 뭐 할지 벌써부터 설레요!,Wed Aug 28 13:10:38 2024
USER-A,점심 뭐 먹을지 고민되네요...,Wed Aug 28 13:10:48 2024
USER-D,주말에 뭐 할지 벌써부터 설레요!,Wed Aug 28 13:10:58 2024
Master,오늘 커피 왜 이렇게 맛있지?,Wed Aug 28 13:11:08 2024
USER-D,퇴근하고 뭐 하세요?,Wed Aug 28 13:11:18 2024
태영,요즘 날씨가 너무 변덕스러워요. 감기 조심하세요!,Wed Aug 28 13:11:28 2024
USER-C,점심 뭐 먹을지 고민되네요...,Wed Aug 28 13:11:38 2024
USER-B,주말에 뭐 할지 벌써부터 설레요!,Wed Aug 28 13:11:48 2024
Master,집에 가면 냥냥이가 기다리고 있어서 힘이 나요!,Wed Aug 28 13:11:58 2024
Jun,오늘 커피 왜 이렇게 맛있지?,Wed Aug 28 13:12:08 2024
태영,퇴근하고 뭐 하세요?,Wed Aug 28 13:12:18 2024
USER-B,오늘 커피 왜 이렇게 맛있지?,Wed Aug 28 13:12:28 2024
sj,점심 뭐 먹을지 고민되네요...,Wed Aug 28 13:12:38 2024
USER-A,주말에 뭐 할지 벌써부터 설레요!,Wed Aug 28 13:12:48 2024
USER-D,요즘 날씨가 너무 변덕스러워요. 감기 조심하세요!,Wed Aug 28 13:12:58 2024
USER-D,오늘 커피 왜 이렇게 맛있지?,Wed Aug 28 13:13:08 2024
j25ng,오늘따라 시간이 너무 안 가는 것 같아요...,Wed Aug 28 13:13:18 2024
Master,주말에 뭐 할지 벌써부터 설레요!,Wed Aug 28 13:13:28 2024
태영,오늘 커피 왜 이렇게 맛있지?,Wed Aug 28 13:13:38 2024
USER-B,오늘따라 시간이 너무 안 가는 것 같아요...,Wed Aug 28 13:13:48 2024
USER-A,주말에 뭐 할지 벌써부터 설레요!,Wed Aug 28 13:13:58 2024
USER-D,"최근에 재미있는 유튜브 채널 발견했는데, 같이 볼래요?",Wed Aug 28 13:14:08 2024
USER-C,점심 뭐 먹을지 고민되네요...,Wed Aug 28 13:14:18 2024
Master,혹시 추천해주실 만한 맛집 있나요?,Wed Aug 28 13:14:28 2024
태영,점심 뭐 먹을지 고민되네요...,Wed Aug 28 13:14:38 2024
USER-C,"최근에 재미있는 유튜브 채널 발견했는데, 같이 볼래요?",Wed Aug 28 13:14:48 2024
j25ng,"최근에 재미있는 유튜브 채널 발견했는데, 같이 볼래요?",Wed Aug 28 13:14:58 2024
sj,요즘 날씨가 너무 변덕스러워요. 감기 조심하세요!,Wed Aug 28 13:15:08 2024
USER-B,집에 가면 냥냥이가 기다리고 있어서 힘이 나요!,Wed Aug 28 13:15:18 2024
USER-B,오늘따라 시간이 너무 안 가는 것 같아요...,Wed Aug 28 13:15:28 2024
sj,집에 가면 냥냥이가 기다리고 있어서 힘이 나요!,Wed Aug 28 13:15:38 2024
USER-A,퇴근하고 뭐 하세요?,Wed Aug 28 13:15:48 2024
USER-D,퇴근하고 뭐 하세요?,Wed Aug 28 13:15:58 2024
USER-D,집에 가면 냥냥이가 기다리고 있어서 힘이 나요!,Wed Aug 28 13:16:08 2024
USER-D,오늘 커피 왜 이렇게 맛있지?,Wed Aug 28 13:16:18 2024
Master,집에 가면 냥냥이가 기다리고 있어서 힘이 나요!,Wed Aug 28 13:16:28 2024
Master,점심 뭐 먹을지 고민되네요...,Wed Aug 28 13:16:38 2024
USER-C,"최근에 재미있는 유튜브 채널 발견했는데, 같이 볼래요?",Wed Aug 28 13:16:48 2024
sj,오늘 커피 왜 이렇게 맛있지?,Wed Aug 28 13:16:58 2024
Jun,점심 뭐 먹을지 고민되네요...,Wed Aug 28 13:17:08 2024
Master,"이번 주말에 캠핑 가려고 하는데, 같이 갈래요?",Wed Aug 28 13:17:18 2024
j25ng,오늘따라 시간이 너무 안 가는 것 같아요...,Wed Aug 28 13:17:28 2024
USER-A,주말에 뭐 할지 벌써부터 설레요!,Wed Aug 28 13:17:38 2024
태영,혹시 추천해주실 만한 맛집 있나요?,Wed Aug 28 13:17:48 2024
USER-B,오늘따라 시간이 너무 안 가는 것 같아요...,Wed Aug 28 13:17:58 2024
USER-A,오늘 커피 왜 이렇게 맛있지?,Wed Aug 28 13:18:08 2024
USER-C,오늘 커피 왜 이렇게 맛있지?,Wed Aug 28 13:18:18 2024
USER-A,점심 뭐 먹을지 고민되네요...,Wed Aug 28 13:18:28 2024
태영,요즘 날씨가 너무 변덕스러워요. 감기 조심하세요!,Wed Aug 28 13:18:38 2024
USER-B,오늘따라 시간이 너무 안 가는 것 같아요...,Wed Aug 28 13:18:48 2024
USER-C,"이번 주말에 캠핑 가려고 하는데, 같이 갈래요?",Wed Aug 28 13:18:58 2024
Master,점심 뭐 먹을지 고민되네요...,Wed Aug 28 13:19:08 2024
USER-B,오늘 커피 왜 이렇게 맛있지?,Wed Aug 28 13:19:18 2024
j25ng,오늘따라 시간이 너무 안 가는 것 같아요...,Wed Aug 28 13:19:28 2024
USER-B,요즘 날씨가 너무 변덕스러워요. 감기 조심하세요!,Wed Aug 28 13:19:38 2024
태영,"이번 주말에 캠핑 가려고 하는데, 같이 갈래요?",Wed Aug 28 13:19:48 2024
Jun,점심 뭐 먹을지 고민되네요...,Wed Aug 28 13:19:58 2024
Jun,오늘따라 시간이 너무 안 가는 것 같아요...,Wed Aug 28 13:20:08 2024
USER-C,"최근에 재미있는 유튜브 채널 발견했는데, 같이 볼래요?",Wed Aug 28 13:20:18 2024
USER-C,점심 뭐 먹을지 고민되네요...,Wed Aug 28 13:20:28 2024
태영,집에 가면 냥냥이가 기다리고 있어서 힘이 나요!,Wed Aug 28 13:20:38 2024
Master,오늘 커피 왜 이렇게 맛있지?,Wed Aug 28 13:20:48 2024
sj,"최근에 재미있는 유튜브 채널 발견했는데, 같이 볼래요?",Wed Aug 28 13:20:58 2024
Master,오늘 커피 왜 이렇게 맛있지?,Wed Aug 28 13:21:08 2024
태영,집에 가면 냥냥이가 기다리고 있어서 힘이 나요!,Wed Aug 28 13:21:18 2024
USER-A,집에 가면 냥냥이가 기다리고 있어서 힘이 나요!,Wed Aug 28 13:21:28 2024
Jun,점심 뭐 먹을지 고민되네요...,Wed Aug 28 13:21:38 2024
sj,주말에 뭐 할지 벌써부터 설레요!,Wed Aug 28 13:21:48 2024
USER-A,요즘 날씨가 너무 변덕스러워요. 감기 조심하세요!,Wed Aug 28 13:21:58 2024
j25ng,오늘따라 시간이 너무 안 가는 것 같아요...,Wed Aug 28 13:22:08 2024
USER-B,혹시 추천해주실 만한 맛집 있나요?,Wed Aug 28 13:22:18 2024
USER-B,"이번 주말에 캠핑 가려고 하는데, 같이 갈래요?",Wed Aug 28 13:22:28 2024
Master,오늘따라 시간이 너무 안 가는 것 같아요...,Wed Aug 28 13:22:38 2024
USER-B,점심 뭐 먹을지 고민되네요...,Wed Aug 28 13:22:48 2024
Master,주말에 뭐 할지 벌써부터 설레요!,Wed Aug 28 13:22:58 2024
태영,안녕! 나는 봇이야!,Wed Aug 28 13:23:08 2024
Master,"이번 주말에 캠핑 가려고 하는데, 같이 갈래요?",Wed Aug 28 13:23:18 2024
USER-C,퇴근하고 뭐 하세요?,Wed Aug 28 13:23:28 2024
USER-C,점심 뭐 먹을지 고민되네요...,Wed Aug 28 13:23:38 2024
Jun,오늘따라 시간이 너무 안 가는 것 같아요...,Wed Aug 28 13:23:48 2024
태영,"이번 주말에 캠핑 가려고 하는데, 같이 갈래요?",Wed Aug 28 13:23:58 2024
j25ng,퇴근하고 뭐 하세요?,Wed Aug 28 13:24:08 2024
Jun,점심 뭐 먹을지 고민되네요...,Wed Aug 28 13:24:18 2024
USER-A,오늘따라 시간이 너무 안 가는 것 같아요...,Wed Aug 28 13:24:28 2024
sj,오늘따라 시간이 너무 안 가는 것 같아요...,Wed Aug 28 13:24:38 2024
USER-D,점심 뭐 먹을지 고민되네요...,Wed Aug 28 13:24:48 2024
USER-B,오늘 커피 왜 이렇게 맛있지?,Wed Aug 28 13:24:58 2024
j25ng,혹시 추천해주실 만한 맛집 있나요?,Wed Aug 28 13:25:08 2024
USER-A,퇴근하고 뭐 하세요?,Wed Aug 28 13:25:18 2024
태영,오늘 커피 왜 이렇게 맛있지?,Wed Aug 28 13:25:28 2024
Master,오늘 커피 왜 이렇게 맛있지?,Wed Aug 28 13:25:38 2024
USER-D,집에 가면 냥냥이가 기다리고 있어서 힘이 나요!,Wed Aug 28 13:25:48 2024
USER-A,점심 뭐 먹을지 고민되네요...,Wed Aug 28 13:25:58 2024
USER-A,오늘따라 시간이 너무 안 가는 것 같아요...,Wed Aug 28 13:26:08 2024
Master,"최근에 재미있는 유튜브 채널 발견했는데, 같이 볼래요?",Wed Aug 28 13:26:18 2024
USER-C,"이번 주말에 캠핑 가려고 하는데, 같이 갈래요?",Wed Aug 28 13:26:28 2024
USER-C,퇴근하고 뭐 하세요?,Wed Aug 28 13:26:38 2024
태영,"최근에 재미있는 유튜브 채널 발견했는데, 같이 볼래요?",Wed Aug 28 13:26:48 2024
태영,혹시 추천해주실 만한 맛집 있나요?,Wed Aug 28 13:26:58 2024
USER-D,혹시 추천해주실 만한 맛집 있나요?,Wed Aug 28 13:27:08 2024
Master,집에 가면 냥냥이가 기다리고 있어서 힘이 나요!,Wed Aug 28 13:27:18 2024
USER-C,안녕! 나는 봇이야!,Wed Aug 28 13:27:28 2024
USER-D,퇴근하고 뭐 하세요?,Wed Aug 28 13:27:38 2024
j25ng,점심 뭐 먹을지 고민되네요...,Wed Aug 28 13:27:48 2024
sj,주말에 뭐 할지 벌써부터 설레요!,Wed Aug 28 13:27:58 2024
USER-B,점심 뭐 먹을지 고민되네요...,Wed Aug 28 13:28:08 2024
sj,오늘따라 시간이 너무 안 가는 것 같아요...,Wed Aug 28 13:28:18 2024
Master,요즘 날씨가 너무 변덕스러워요. 감기 조심하세요!,Wed Aug 28 13:28:28 2024
Master,안녕! 나는 봇이야!,Wed Aug 28 13:28:38 2024
Master,집에 가면 냥냥이가 기다리고 있어서 힘이 나요!,Wed Aug 28 13:28:48 2024
sj,점심 뭐 먹을지 고민되네요...,Wed Aug 28 13:28:58 2024
sj,주말에 뭐 할지 벌써부터 설레요!,Wed Aug 28 13:29:08 2024
USER-D,혹시 추천해주실 만한 맛집 있나요?,Wed Aug 28 13:29:18 2024
Jun,요즘 날씨가 너무 변덕스러워요. 감기 조심하세요!,Wed Aug 28 13:29:28 2024
Jun,"이번 주말에 캠핑 가려고 하는데, 같이 갈래요?",Wed Aug 28 13:29:38 2024
j25ng,주말에 뭐 할지 벌써부터 설레요!,Wed Aug 28 13:29:48 2024
태영,요즘 날씨가 너무 변덕스러워요. 감기 조심하세요!,Wed Aug 28 13:29:58 2024
USER-A,혹시 추천해주실 만한 맛집 있나요?,Wed Aug 28 13:30:08 2024
sj,혹시 추천해주실 만한 맛집 있나요?,Wed Aug 28 13:30:18 2024
USER-C,오늘 커피 왜 이렇게 맛있지?,Wed Aug 28 13:30:28 2024
Jun,오늘따라 시간이 너무 안 가는 것 같아요...,Wed Aug 28 13:30:38 2024
sj,오늘따라 시간이 너무 안 가는 것 같아요...,Wed Aug 28 13:30:48 2024
Jun,오늘 커피 왜 이렇게 맛있지?,Wed Aug 28 13:30:58 2024
USER-D,안녕! 나는 봇이야!,Wed Aug 28 13:31:08 2024
sj,요즘 날씨가 너무 변덕스러워요. 감기 조심하세요!,Wed Aug 28 13:31:18 2024
j25ng,주말에 뭐 할지 벌써부터 설레요!,Wed Aug 28 13:31:28 2024
Master,"이번 주말에 캠핑 가려고 하는데, 같이 갈래요?",Wed Aug 28 13:31:38 2024
USER-A,오늘 커피 왜 이렇게 맛있지?,Wed Aug 28 13:31:48 2024
USER-C,요즘 날씨가 너무 변덕스러워요. 감기 조심하세요!,Wed Aug 28 13:31:58 2024
j25ng,"최근에 재미있는 유튜브 채널 발견했는데, 같이 볼래요?",Wed Aug 28 13:32:08 2024
USER-B,점심 뭐 먹을지 고민되네요...,Wed Aug 28 13:32:18 2024
USER-D,집에 가면 냥냥이가 기다리고 있어서 힘이 나요!,Wed Aug 28 13:32:28 2024
USER-B,"최근에 재미있는 유튜브 채널 발견했는데, 같이 볼래요?",Wed Aug 28 13:32:38 2024
USER-A,요즘 날씨가 너무 변덕스러워요. 감기 조심하세요!,Wed Aug 28 13:32:48 2024
태영,집에 가면 냥냥이가 기다리고 있어서 힘이 나요!,Wed Aug 28 13:32:58 2024
sj,요즘 날씨가 너무 변덕스러워요. 감기 조심하세요!,Wed Aug 28 13:33:08 2024
Jun,혹시 추천해주실 만한 맛집 있나요?,Wed Aug 28 13:33:18 2024
Master,"이번 주말에 캠핑 가려고 하는데, 같이 갈래요?",Wed Aug 28 13:33:28 2024
sj,점심 뭐 먹을지 고민되네요...,Wed Aug 28 13:33:38 2024
Jun,오늘 커피 왜 이렇게 맛있지?,Wed Aug 28 13:33:48 2024
USER-C,"이번 주말에 캠핑 가려고 하는데, 같이 갈래요?",Wed Aug 28 13:33:58 2024
USER-D,주말에 뭐 할지 벌써부터 설레요!,Wed Aug 28 13:34:08 2024
Jun,"최근에 재미있는 유튜브 채널 발견했는데, 같이 볼래요?",Wed Aug 28 13:34:18 2024
USER-C,집에 가면 냥냥이가 기다리고 있어서 힘이 나요!,Wed Aug 28 13:34:28 2024
USER-D,집에 가면 냥냥이가 기다리고 있어서 힘이 나요!,Wed Aug 28 13:34:38 2024
Jun,오늘따라 시간이 너무 안 가는 것 같아요...,Wed Aug 28 13:34:48 2024
Master,"최근에 재미있는 유튜브 채널 발견했는데, 같이 볼래요?",Wed Aug 28 13:34:58 2024
sj,"최근에 재미있는 유튜브 채널 발견했는데, 같이 볼래요?",Wed Aug 28 13:35:08 2024
j25ng,퇴근하고 뭐 하세요?,Wed Aug 28 13:35:18 2024
USER-C,오늘따라 시간이 너무 안 가는 것 같아요...,Wed Aug 28 13:35:28 2024
USER-C,오늘따라 시간이 너무 안 가는 것 같아요...,Wed Aug 28 13:35:38 2024
Master,"최근에 재미있는 유튜브 채널 발견했는데, 같이 볼래요?",Wed Aug 28 13:35:48 2024
USER-B,요즘 날씨가 너무 변덕스러워요. 감기 조심하세요!,Wed Aug 28 13:35:58 2024
USER-C,점심 뭐 먹을지 고민되네요...,Wed Aug 28 13:36:08 2024
Master,혹시 추천해주실 만한 맛집 있나요?,Wed Aug 28 13:36:18 2024
USER-A,퇴근하고 뭐 하세요?,Wed Aug 28 13:36:28 2024
태영,"최근에 재미있는 유튜브 채널 발견했는데, 같이 볼래요?",Wed Aug 28 13:36:38 2024
Jun,혹시 추천해주실 만한 맛집 있나요?,Wed Aug 28 13:36:48 2024
Jun,퇴근하고 뭐 하세요?,Wed Aug 28 13:36:58 2024
sj,오늘따라 시간이 너무 안 가는 것 같아요...,Wed Aug 28 13:37:08 2024
USER-B,안녕! 나는 봇이야!,Wed Aug 28 13:37:18 2024
sj,"이번 주말에 캠핑 가려고 하는데, 같이 갈래요?",Wed Aug 28 13:37:28 2024
USER-A,"이번 주말에 캠핑 가려고 하는데, 같이 갈래요?",Wed Aug 28 13:37:38 2024
Master,오늘 커피 왜 이렇게 맛있지?,Wed Aug 28 13:37:48 2024
태영,퇴근하고 뭐 하세요?,Wed Aug 28 13:37:58 2024
USER-A,점심 뭐 먹을지 고민되네요...,Wed Aug 28 13:38:08 2024
USER-A,혹시 추천해주실 만한 맛집 있나요?,Wed Aug 28 13:38:18 2024
j25ng,"이번 주말에 캠핑 가려고 하는데, 같이 갈래요?",Wed Aug 28 13:38:28 2024
j25ng,점심 뭐 먹을지 고민되네요...,Wed Aug 28 13:38:38 2024
태영,"이번 주말에 캠핑 가려고 하는데, 같이 갈래요?",Wed Aug 28 13:38:48 2024
sj,퇴근하고 뭐 하세요?,Wed Aug 28 13:38:58 2024
USER-D,안녕! 나는 봇이야!,Wed Aug 28 13:39:08 2024
USER-A,혹시 추천해주실 만한 맛집 있나요?,Wed Aug 28 13:39:18 2024
Master,퇴근하고 뭐 하세요?,Wed Aug 28 13:39:28 2024
Jun,"이번 주말에 캠핑 가려고 하는데, 같이 갈래요?",Wed Aug 28 13:39:38 2024
Jun,요즘 날씨가 너무 변덕스러워요. 감기 조심하세요!,Wed Aug 28 13:39:48 2024
USER-B,요즘 날씨가 너무 변덕스러워요. 감기 조심하세요!,Wed Aug 28 13:39:58 2024
USER-C,"최근에 재미있는 유튜브 채널 발견했는데, 같이 볼래요?",Wed Aug 28 13:40:08 2024
Master,"최근에 재미있는 유튜브 채널 발견했는데, 같이 볼래요?",Wed Aug 28 13:40:18 2024
j25ng,오늘 커피 왜 이렇게 맛있지?,Wed Aug 28 13:40:28 2024
sj,점심 뭐 먹을지 고민되네요...,Wed Aug 28 13:40:38 2024
sj,집에 가면 냥냥이가 기다리고 있어서 힘이 나요!,Wed Aug 28 13:40:48 2024
Jun,오늘따라 시간이 너무 안 가는 것 같아요...,Wed Aug 28 13:40:58 2024
USER-D,오늘 커피 왜 이렇게 맛있지?,Wed Aug 28 13:41:08 2024
USER-C,오늘 커피 왜 이렇게 맛있지?,Wed Aug 28 13:41:18 2024
USER-C,점심 뭐 먹을지 고민되네요...,Wed Aug 28 13:41:28 2024
USER-C,집에 가면 냥냥이가 기다리고 있어서 힘이 나요!,Wed Aug 28 13:41:38 2024
Master,오늘 커피 왜 이렇게 맛있지?,Wed Aug 28 13:41:48 2024
j25ng,주말에 뭐 할지 벌써부터 설레요!,Wed Aug 28 13:41:58 2024
USER-B,"이번 주말에 캠핑 가려고 하는데, 같이 갈래요?",Wed Aug 28 13:42:08 2024
태영,집에 가면 냥냥이가 기다리고 있어서 힘이 나요!,Wed Aug 28 13:42:18 2024
USER-B,혹시 추천해주실 만한 맛집 있나요?,Wed Aug 28 13:42:28 2024
USER-C,퇴근하고 뭐 하세요?,Wed Aug 28 13:42:38 2024
Master,집에 가면 냥냥이가 기다리고 있어서 힘이 나요!,Wed Aug 28 13:42:48 2024
USER-D,"최근에 재미있는 유튜브 채널 발견했는데, 같이 볼래요?",Wed Aug 28 13:42:58 2024
j25ng,집에 가면 냥냥이가 기다리고 있어서 힘이 나요!,Wed Aug 28 13:43:08 2024
Jun,요즘 날씨가 너무 변덕스러워요. 감기 조심하세요!,Wed Aug 28 13:43:18 2024
Master,퇴근하고 뭐 하세요?,Wed Aug 28 13:43:28 2024
USER-A,집에 가면 냥냥이가 기다리고 있어서 힘이 나요!,Wed Aug 28 13:43:38 2024
Jun,"이번 주말에 캠핑 가려고 하는데, 같이 갈래요?",Wed Aug 28 13:43:48 2024
태영,오늘따라 시간이 너무 안 가는 것 같아요...,Wed Aug 28 13:43:58 2024
j25ng,점심 뭐 먹을지 고민되네요...,Wed Aug 28 13:44:08 2024
USER-A,주말에 뭐 할지 벌써부터 설레요!,Wed Aug 28 13:44:18 2024
Master,"이번 주말에 캠핑 가려고 하는데, 같이 갈래요?",Wed Aug 28 13:44:28 2024
USER-B,안녕! 나는 봇이야!,Wed Aug 28 13:44:38 2024
USER-B,주말에 뭐 할지 벌써부터 설레요!,Wed Aug 28 13:44:48 2024
태영,퇴근하고 뭐 하세요?,Wed Aug 28 13:44:58 2024
태영,퇴근하고 뭐 하세요?,Wed Aug 28 13:45:08 2024
USER-A,혹시 추천해주실 만한 맛집 있나요?,Wed Aug 28 13:45:18 2024
Jun,요즘 날씨가 너무 변덕스러워요. 감기 조심하세요!,Wed Aug 28 13:45:28 2024
USER-B,오늘 커피 왜 이렇게 맛있지?,Wed Aug 28 13:45:38 2024
Jun,요즘 날씨가 너무 변덕스러워요. 감기 조심하세요!,Wed Aug 28 13:45:48 2024
sj,집에 가면 냥냥이가 기다리고 있어서 힘이 나요!,Wed Aug 28 13:45:58 2024
USER-C,"최근에 재미있는 유튜브 채널 발견했는데, 같이 볼래요?",Wed Aug 28 13:46:08 2024
j25ng,주말에 뭐 할지 벌써부터 설레요!,Wed Aug 28 13:46:18 2024
USER-A,오늘 커피 왜 이렇게 맛있지?,Wed Aug 28 13:46:28 2024
Master,요즘 날씨가 너무 변덕스러워요. 감기 조심하세요!,Wed Aug 28 13:46:38 2024
j25ng,퇴근하고 뭐 하세요?,Wed Aug 28 13:46:48 2024
USER-C,혹시 추천해주실 만한 맛집 있나요?,Wed Aug 28 13:46:58 2024
USER-C,집에 가면 냥냥이가 기다리고 있어서 힘이 나요!,Wed Aug 28 13:47:08 2024
sj,오늘따라 시간이 너무 안 가는 것 같아요...,Wed Aug 28 13:47:18 2024
@systembot, system_bot running test,2024-08-28 13:47:20
USER-D,주말에 뭐 할지 벌써부터 설레요!,Wed Aug 28 13:47:28 2024
@systembot, aleam_bot running test,2024-08-28 13:47:34
USER-D,"최근에 재미있는 유튜브 채널 발견했는데, 같이 볼래요?",Wed Aug 28 13:47:38 2024
j25ng,안녕! 나는 봇이야!,Wed Aug 28 13:47:48 2024
USER-A,퇴근하고 뭐 하세요?,Wed Aug 28 13:47:58 2024
@systembot, 안녕! 나도 봇이야!,2024-08-28 13:48:01
Jun,퇴근하고 뭐 하세요?,Wed Aug 28 13:48:08 2024
USER-A,요즘 날씨가 너무 변덕스러워요. 감기 조심하세요!,Wed Aug 28 13:48:18 2024
Master,오늘따라 시간이 너무 안 가는 것 같아요...,Wed Aug 28 13:48:28 2024
태영,안녕! 나는 봇이야!,Wed Aug 28 13:48:38 2024
USER-B,혹시 추천해주실 만한 맛집 있나요?,Wed Aug 28 13:48:48 2024
USER-D,"최근에 재미있는 유튜브 채널 발견했는데, 같이 볼래요?",Wed Aug 28 13:48:58 2024
USER-A,집에 가면 냥냥이가 기다리고 있어서 힘이 나요!,Wed Aug 28 13:49:08 2024
USER-A,요즘 날씨가 너무 변덕스러워요. 감기 조심하세요!,Wed Aug 28 13:49:18 2024
@systembot, sj님. 요청하신 airflow_c 작업에 대해 실패했음을 안내드립니다.,2024-08-28 13:49:18
sj,퇴근하고 뭐 하세요?,Wed Aug 28 13:49:28 2024
USER-B,오늘따라 시간이 너무 안 가는 것 같아요...,Wed Aug 28 13:49:38 2024
태영,오늘 커피 왜 이렇게 맛있지?,Wed Aug 28 13:49:48 2024
sj,"최근에 재미있는 유튜브 채널 발견했는데, 같이 볼래요?",Wed Aug 28 13:49:58 2024
태영,오늘따라 시간이 너무 안 가는 것 같아요...,Wed Aug 28 13:50:08 2024
j25ng,퇴근하고 뭐 하세요?,Wed Aug 28 13:50:18 2024
Master,오늘따라 시간이 너무 안 가는 것 같아요...,Wed Aug 28 13:50:28 2024
Jun,주말에 뭐 할지 벌써부터 설레요!,Wed Aug 28 13:50:38 2024
Master,안녕! 나는 봇이야!,Wed Aug 28 13:50:48 2024
sj,집에 가면 냥냥이가 기다리고 있어서 힘이 나요!,Wed Aug 28 13:50:58 2024
Master,집에 가면 냥냥이가 기다리고 있어서 힘이 나요!,Wed Aug 28 13:51:08 2024
USER-B,요즘 날씨가 너무 변덕스러워요. 감기 조심하세요!,Wed Aug 28 13:51:18 2024
USER-B,오늘 커피 왜 이렇게 맛있지?,Wed Aug 28 13:51:28 2024
Jun,오늘 커피 왜 이렇게 맛있지?,Wed Aug 28 13:51:38 2024
USER-A,점심 뭐 먹을지 고민되네요...,Wed Aug 28 13:51:48 2024
USER-D,"최근에 재미있는 유튜브 채널 발견했는데, 같이 볼래요?",Wed Aug 28 13:51:58 2024
Master,점심 뭐 먹을지 고민되네요...,Wed Aug 28 13:52:08 2024
j25ng,요즘 날씨가 너무 변덕스러워요. 감기 조심하세요!,Wed Aug 28 13:52:18 2024
태영,집에 가면 냥냥이가 기다리고 있어서 힘이 나요!,Wed Aug 28 13:52:28 2024
sj,오늘따라 시간이 너무 안 가는 것 같아요...,Wed Aug 28 13:52:38 2024
태영,집에 가면 냥냥이가 기다리고 있어서 힘이 나요!,Wed Aug 28 13:52:48 2024
Master,혹시 추천해주실 만한 맛집 있나요?,Wed Aug 28 13:52:58 2024
USER-A,주말에 뭐 할지 벌써부터 설레요!,Wed Aug 28 13:53:08 2024
태영,혹시 추천해주실 만한 맛집 있나요?,Wed Aug 28 13:53:18 2024
USER-B,안녕! 나는 봇이야!,Wed Aug 28 13:53:28 2024
Master,오늘따라 시간이 너무 안 가는 것 같아요...,Wed Aug 28 13:53:38 2024
@systembot, @everyone 회의시간 5분전입니다.,2024-08-28 13:53:45
sj,점심 뭐 먹을지 고민되네요...,Wed Aug 28 13:53:48 2024
USER-D,점심 뭐 먹을지 고민되네요...,Wed Aug 28 13:53:58 2024
USER-C,점심 뭐 먹을지 고민되네요...,Wed Aug 28 13:54:08 2024
USER-C,집에 가면 냥냥이가 기다리고 있어서 힘이 나요!,Wed Aug 28 13:54:18 2024
Jun,요즘 날씨가 너무 변덕스러워요. 감기 조심하세요!,Wed Aug 28 13:54:28 2024
USER-C,주말에 뭐 할지 벌써부터 설레요!,Wed Aug 28 13:54:38 2024
Master,주말에 뭐 할지 벌써부터 설레요!,Wed Aug 28 13:54:48 2024
Master,주말에 뭐 할지 벌써부터 설레요!,Wed Aug 28 13:54:58 2024
j25ng,오늘 커피 왜 이렇게 맛있지?,Wed Aug 28 13:55:08 2024
sj,주말에 뭐 할지 벌써부터 설레요!,Wed Aug 28 13:55:18 2024
USER-B,혹시 추천해주실 만한 맛집 있나요?,Wed Aug 28 13:55:28 2024
j25ng,혹시 추천해주실 만한 맛집 있나요?,Wed Aug 28 13:55:38 2024
j25ng,"최근에 재미있는 유튜브 채널 발견했는데, 같이 볼래요?",Wed Aug 28 13:55:48 2024
USER-D,"이번 주말에 캠핑 가려고 하는데, 같이 갈래요?",Wed Aug 28 13:55:58 2024
Master,안녕! 나는 봇이야!,Wed Aug 28 13:56:08 2024
USER-B,오늘 커피 왜 이렇게 맛있지?,Wed Aug 28 13:56:18 2024
Jun,주말에 뭐 할지 벌써부터 설레요!,Wed Aug 28 13:56:28 2024
USER-B,안녕! 나는 봇이야!,Wed Aug 28 13:56:38 2024
태영,혹시 추천해주실 만한 맛집 있나요?,Wed Aug 28 13:56:48 2024
USER-A,퇴근하고 뭐 하세요?,Wed Aug 28 13:56:58 2024
Jun,혹시 추천해주실 만한 맛집 있나요?,Wed Aug 28 13:57:08 2024
USER-D,오늘 커피 왜 이렇게 맛있지?,Wed Aug 28 13:57:18 2024
sj,퇴근하고 뭐 하세요?,Wed Aug 28 13:57:28 2024
USER-B,안녕! 나는 봇이야!,Wed Aug 28 13:57:38 2024
Master,"이번 주말에 캠핑 가려고 하는데, 같이 갈래요?",Wed Aug 28 13:57:48 2024
USER-A,오늘따라 시간이 너무 안 가는 것 같아요...,Wed Aug 28 13:57:58 2024
Master,혹시 추천해주실 만한 맛집 있나요?,Wed Aug 28 13:58:08 2024
Master,안녕! 나는 봇이야!,Wed Aug 28 13:58:18 2024
Jun,오늘따라 시간이 너무 안 가는 것 같아요...,Wed Aug 28 13:58:28 2024
Master,혹시 추천해주실 만한 맛집 있나요?,Wed Aug 28 13:58:38 2024
j25ng,"이번 주말에 캠핑 가려고 하는데, 같이 갈래요?",Wed Aug 28 13:58:48 2024
j25ng,오늘따라 시간이 너무 안 가는 것 같아요...,Wed Aug 28 13:58:58 2024
Master,오늘따라 시간이 너무 안 가는 것 같아요...,Wed Aug 28 13:59:08 2024
Master,요즘 날씨가 너무 변덕스러워요. 감기 조심하세요!,Wed Aug 28 13:59:18 2024
Master,안녕! 나는 봇이야!,Wed Aug 28 13:59:28 2024
j25ng,안녕! 나는 봇이야!,Wed Aug 28 13:59:38 2024
sj,혹시 추천해주실 만한 맛집 있나요?,Wed Aug 28 13:59:48 2024
Jun,오늘따라 시간이 너무 안 가는 것 같아요...,Wed Aug 28 13:59:58 2024
j25ng,요즘 날씨가 너무 변덕스러워요. 감기 조심하세요!,Wed Aug 28 14:00:08 2024
USER-A,오늘 커피 왜 이렇게 맛있지?,Wed Aug 28 14:00:18 2024
태영,점심 뭐 먹을지 고민되네요...,Wed Aug 28 14:00:28 2024
Master,오늘 커피 왜 이렇게 맛있지?,Wed Aug 28 14:00:38 2024
USER-C,퇴근하고 뭐 하세요?,Wed Aug 28 14:00:48 2024
j25ng,오늘따라 시간이 너무 안 가는 것 같아요...,Wed Aug 28 14:00:58 2024
Jun,집에 가면 냥냥이가 기다리고 있어서 힘이 나요!,Wed Aug 28 14:01:08 2024
USER-D,주말에 뭐 할지 벌써부터 설레요!,Wed Aug 28 14:01:18 2024
Jun,요즘 날씨가 너무 변덕스러워요. 감기 조심하세요!,Wed Aug 28 14:01:28 2024
USER-D,오늘따라 시간이 너무 안 가는 것 같아요...,Wed Aug 28 14:01:38 2024
USER-D,주말에 뭐 할지 벌써부터 설레요!,Wed Aug 28 14:01:48 2024
@systembot, 태영님. 요청하신 @bot 명령에 실패했음을 안내드립니다.,2024-08-28 14:01:51
USER-A,주말에 뭐 할지 벌써부터 설레요!,Wed Aug 28 14:01:58 2024
USER-C,주말에 뭐 할지 벌써부터 설레요!,Wed Aug 28 14:02:08 2024
USER-D,집에 가면 냥냥이가 기다리고 있어서 힘이 나요!,Wed Aug 28 14:02:18 2024
USER-D,요즘 날씨가 너무 변덕스러워요. 감기 조심하세요!,Wed Aug 28 14:02:28 2024
j25ng,주말에 뭐 할지 벌써부터 설레요!,Wed Aug 28 14:02:38 2024
j25ng,테스트!,2024-08-28 14:02:41
태영,집에 가면 냥냥이가 기다리고 있어서 힘이 나요!,Wed Aug 28 14:02:48 2024
j25ng,엇,2024-08-28 14:02:54
USER-D,점심 뭐 먹을지 고민되네요...,Wed Aug 28 14:02:58 2024
태영,퇴근하고 뭐 하세요?,Wed Aug 28 14:03:08 2024
j25ng,오늘따라 시간이 너무 안 가는 것 같아요...,Wed Aug 28 14:03:18 2024
sj,요즘 날씨가 너무 변덕스러워요. 감기 조심하세요!,Wed Aug 28 14:03:28 2024
j25ng,날짜 출력 time.strftime('%Y-%m-%d %H:%M:%S') 이걸로 바꿔주시면 안될까욥,2024-08-28 14:03:29
태영,오늘따라 시간이 너무 안 가는 것 같아요...,Wed Aug 28 14:03:38 2024
USER-A,주말에 뭐 할지 벌써부터 설레요!,Wed Aug 28 14:03:48 2024
@systembot, 넹!,2024-08-28 14:03:48
j25ng,감사합니다!,2024-08-28 14:03:54
@systembot, 넹!,2024-08-28 14:03:56
USER-D,"최근에 재미있는 유튜브 채널 발견했는데, 같이 볼래요?",Wed Aug 28 14:03:58 2024
USER-B,안녕! 나는 봇이야!,Wed Aug 28 14:04:08 2024
@systembot, 나도 봇인데!,2024-08-28 14:04:16
j25ng,주말에 뭐 할지 벌써부터 설레요!,Wed Aug 28 14:04:18 2024
USER-D,"최근에 재미있는 유튜브 채널 발견했는데, 같이 볼래요?",Wed Aug 28 14:04:28 2024
j25ng,혹시 추천해주실 만한 맛집 있나요?,Wed Aug 28 14:04:38 2024
USER-B,오늘따라 시간이 너무 안 가는 것 같아요...,Wed Aug 28 14:04:48 2024
USER-A,오늘따라 시간이 너무 안 가는 것 같아요...,Wed Aug 28 14:04:58 2024
sys,--- j25ng님이 채팅방에 입장하였습니다. ---,2024-08-28 14:22:35
sys,--- j25ng님이 채팅방에 입장하였습니다. ---,2024-08-28 14:25:15
sys,--- j25ng님이 채팅방에 입장하였습니다. ---,2024-08-28 14:26:00
j25ng,test,2024-08-28 14:26:06
j25ng,testest,2024-08-28 14:26:09
test,"@bot 광해, 왕이 된 남자 감독",2024-08-28 14:28:24
sys,--- j25ng님이 채팅방에 입장하였습니다. ---,2024-08-28 14:29:01
sys,--- j25ng님이 채팅방에 입장하였습니다. ---,2024-08-28 14:29:42
sys,--- j25ng님이 퇴장하였습니다. ---,2024-08-28 14:29:48
test,"@bot 광해, 왕이 된 남자 감독",2024-08-28 14:30:42
sys,--- j25ng님이 입장하였습니다. ---,2024-08-28 14:30:47
sys,--- j25ng님이 퇴장하였습니다. ---,2024-08-28 14:30:52
sys,--- j25ng님이 입장하였습니다. ---,2024-08-28 14:31:35
sys,--- j25ng님이 퇴장하였습니다. ---,2024-08-28 14:31:41
Jun,"@bot 광해, 왕이 된 남자 감독",2024-08-28 14:31:55
sys,--- j25ng님이 입장하였습니다. ---,2024-08-28 14:33:53
sys,--- j25ng님이 퇴장하였습니다. ---,2024-08-28 14:34:01
sys,--- j25ng님이 입장하였습니다. ---,2024-08-28 14:34:08
j25ng,테스트 중,2024-08-28 14:34:17
j25ng,test test,2024-08-28 14:34:20
sys,--- j25ng님이 퇴장하였습니다. ---,2024-08-28 14:34:22
태영,회고란 작성 부탁드립니다 https://docs.google.com/presentation/d/1Y0H05XeMFOvHZSLtT5JC0JT4jOngCbBxRXJc4wCtJeQ/edit?usp=sharing,1724823437.0510573
Jun,"@bot 광해, 왕이 된 남자 감독",2024-08-28 14:37:22
@bot,"Jun님, 영화 ""광해, 왕이 된 남자""의 감독은 추창민입니다.",2024-08-28 14:37:24
sys,--- j25ng님이 입장하였습니다. ---,2024-08-28 14:40:02
sys,--- j25ng님이 퇴장하였습니다. ---,2024-08-28 14:40:07
sys,--- j25ng님이 입장하였습니다. ---,2024-08-28 14:45:47
sys,--- j25ng님이 입장하였습니다. ---,2024-08-28 14:45:58
j25ng,test,2024-08-28 14:46:02
sys,--- j25ng님이 입장하였습니다. ---,2024-08-28 14:46:42
j25ng,태영,2024-08-28 14:46:56
sys,--- j25ng님이 퇴장하였습니다. ---,2024-08-28 14:47:14
sys,--- j25ng님이 입장하였습니다. ---,2024-08-28 14:49:32
j25ng,test,2024-08-28 14:49:41
j25ng,성공,2024-08-28 14:49:43
j25ng,goot,2024-08-28 14:49:45
j25ng,good,2024-08-28 14:49:48
sys,--- j25ng님이 입장하였습니다. ---,2024-08-28 14:54:48
sys,--- j25ng님이 입장하였습니다. ---,2024-08-28 14:54:51
j25ng,쉬는시간이에요,2024-08-28 14:54:58
j25ng,나는 바보다,2024-08-28 14:55:01
j25ng,exit,2024-08-28 14:56:07
sys,--- j25ng님이 퇴장하였습니다. ---,2024-08-28 14:56:08
sys,--- j25ng님이 입장하였습니다. ---,2024-08-28 14:56:15
j25ng,@bot 파묘 감독,2024-08-28 15:00:22
sys,--- j25ng님이 입장하였습니다. ---,2024-08-28 15:03:28
j25ng,@bot 파묘 감독,2024-08-28 15:03:39
j25ng,@bot 파묘 감독,2024-08-28 15:04:10
sys,--- j25ng님이 입장하였습니다. ---,2024-08-28 15:06:32
sys,--- j25ng님이 입장하였습니다. ---,2024-08-28 15:06:57
j25ng,에에엥,2024-08-28 15:07:03
j25ng,퇴장시켜..,2024-08-28 15:07:07
sys,--- j25ng님이 입장하였습니다. ---,2024-08-28 15:08:10
j25ng,퇴장 왜 안뜨지,2024-08-28 15:08:17
sys,--- jj님이 입장하였습니다. ---,2024-08-28 15:10:07
jj,퇴장 띄워주세요ㅠㅠㅠㅠㅠㅠㅠㅠㅠㅠㅠㅠㅠ,2024-08-28 15:10:18
jj,왜 안되냐,2024-08-28 15:10:22
j25ng,ㅠㅠ..,2024-08-28 15:11:04
sys,--- j25ng님이 입장하였습니다. ---,2024-08-28 15:15:15
sys,--- teae님이 입장하였습니다. ---,2024-08-28 15:16:07
sys,--- taeyoung님이 입장하였습니다. ---,2024-08-28 15:16:46
sys,--- tae님이 입장하였습니다. ---,2024-08-28 15:17:26
sys,--- j25ng님이 입장하였습니다. ---,2024-08-28 15:19:08
j25ng,테스트중~~~,2024-08-28 15:19:15
sys,--- j25ng님이 퇴장하였습니다. ---,2024-08-28 15:19:16
sys,--- j25ng님이 입장하였습니다. ---,2024-08-28 15:21:05
j25ng,확인 확인..ㅜㅠㅠ,2024-08-28 15:21:15
sys,--- j25ng님이 퇴장하였습니다. ---,2024-08-28 15:21:16
sys,--- j25ng님이 입장하였습니다. ---,2024-08-28 15:24:34
sys,--- j25ng님이 퇴장하였습니다. ---,2024-08-28 15:24:38
sys,--- j25ng님이 입장하였습니다. ---,2024-08-28 15:24:58
j25ng,@bot 파묘 감독,2024-08-28 15:25:19
j25ng,ui 수정하고 싶은게 있으시다면 말씀해주세요.,2024-08-28 15:27:02
sys,--- j25ng님이 퇴장하였습니다. ---,2024-08-28 15:28:49
sys,--- j25ng님이 입장하였습니다. ---,2024-08-28 15:28:59
sys,--- j25ng님이 입장하였습니다. ---,2024-08-28 15:29:27
@systembot, Test_task returned fail @Jun,2023-01-01 00:00:00
sys,--- j25ng님이 퇴장하였습니다. ---,2024-08-28 15:29:41
sys,--- j25ng님이 입장하였습니다. ---,2024-08-28 15:29:51
j25ng,시스템봇 시간이 이상해요~~~,2024-08-28 15:30:28
j25ng,시간 수정해주세요~~,2024-08-28 15:30:40
j25ng,오호?,2024-08-28 15:31:32
@systembot, Test_task returned fail @Jun,2023-01-01 00:00:00
@systembot, Test_task returned fail @Jun,2024-08-28 00:00:00
sys,--- j25ng님이 퇴장하였습니다. ---,2024-08-28 15:36:22
sys,--- j25ng님이 입장하였습니다. ---,2024-08-28 15:36:47
sys,--- j25ng님이 퇴장하였습니다. ---,2024-08-28 15:36:56
sys,--- j25ng님이 입장하였습니다. ---,2024-08-28 15:38:09
j25ng,음?,2024-08-28 15:38:16
j25ng,오,2024-08-28 15:38:17
j25ng,음..,2024-08-28 15:38:20
sys,--- j25ng님이 퇴장하였습니다. ---,2024-08-28 15:38:22
sys,--- j25ng님이 입장하였습니다. ---,2024-08-28 15:39:26
sys,--- j25ng님이 퇴장하였습니다. ---,2024-08-28 15:39:29
sys,--- sj님이 입장하였습니다. ---,2024-08-28 15:40:12
sj,안녕요요,2024-08-28 15:40:30
sys,--- tae님이 입장하였습니다. ---,2024-08-28 15:40:39
sj,안녕,2024-08-28 15:41:17
sj,환영합니돳,2024-08-28 15:41:35
sys,--- 정은님이 입장하였습니다. ---,2024-08-28 15:43:43
sys,--- 정은님이 퇴장하였습니다. ---,2024-08-28 15:43:48
